SalePrice,Area,Price/m2,Width,Length,Location
3400.0,100.0,34.0,5.0,20.0,quan cam le
1600.0,100.0,16.0,5.0,20.0,quan cam le
2720.0,106.7,25.66,5.0,20.0,quan cam le
2100.0,80.0,26.25,4.0,20.0,quan cam le
1850.0,98.0,18.88,6.5,15.1,quan ngu hanh son
2500.0,100.0,25.0,5.0,20.0,quan cam le
2350.0,90.0,26.11,5.0,18.0,quan cam le
3450.0,100.0,34.5,5.0,20.0,quan cam le
2590.0,100.0,25.9,5.0,20.0,quan cam le
3890.0,80.0,48.63,5.0,17.0,quan thanh khe
4750.0,100.0,47.5,5.0,20.0,quan cam le
800.0,105.0,7.62,5.0,21.0,quan ngu hanh son
1150.0,78.0,14.74,6.0,13.0,quan ngu hanh son
1720.0,60.0,28.67,6.0,13.0,quan thanh khe
2450.0,90.0,27.22,5.0,19.0,quan cam le
3280.0,96.0,34.17,5.0,19.0,quan cam le
7500.0,113.0,66.37,5.0,22.0,quan hai chau
3550.0,100.0,35.5,5.0,20.0,quan cam le
1100.0,75.0,14.67,5.0,15.0,quan ngu hanh son
2830.0,110.0,25.73,5.0,22.0,quan ngu hanh son
1500.0,100.0,15.0,5.0,20.0,huyen hoa vang
2550.0,90.0,28.33,5.0,20.0,quan lien chieu
2850.0,100.0,28.5,5.0,20.0,quan ngu hanh son
2200.0,70.0,31.43,10.0,7.0,quan son tra
3400.0,75.0,45.33,5.0,15.0,quan son tra
1350.0,65.0,20.77,5.0,15.0,quan lien chieu
2550.0,100.0,25.5,5.0,20.0,quan cam le
1100.0,102.0,10.78,5.0,20.0,huyen hoa vang
1900.0,144.0,13.19,6.0,24.0,huyen hoa vang
3550.0,106.0,33.49,6.0,18.0,quan ngu hanh son
2040.0,81.0,25.19,6.0,18.0,quan lien chieu
2100.0,52.6,40.38,4.2,13.0,quan son tra
4850.0,100.0,48.5,5.0,20.0,quan ngu hanh son
3400.0,100.0,34.0,5.0,20.0,quan cam le
2350.0,100.0,23.5,5.0,20.0,quan ngu hanh son
1744.0,105.0,16.61,5.0,21.0,quan ngu hanh son
2900.0,100.0,29.0,5.0,20.0,quan cam le
2050.0,68.0,30.15,4.5,15.0,quan lien chieu
2690.0,100.0,26.9,5.0,20.0,quan cam le
3600.0,100.0,36.0,5.0,20.0,quan lien chieu
2550.0,100.0,25.5,5.0,20.0,quan cam le
2400.0,100.0,24.0,5.0,20.0,quan cam le
2450.0,100.0,24.5,5.0,20.0,quan cam le
525.0,100.0,5.25,5.0,20.0,huyen hoa vang
1200.0,90.0,13.33,5.0,18.0,quan ngu hanh son
2250.0,100.0,22.5,5.0,18.0,quan lien chieu
11800.0,102.6,115.69,5.4,19.0,quan son tra
2650.0,100.0,26.5,5.0,20.0,quan cam le
2600.0,121.0,21.49,6.0,20.0,quan lien chieu
2550.0,116.0,21.98,5.0,23.0,quan cam le
1870.0,98.0,19.08,6.0,17.0,quan lien chieu
5700.0,145.0,39.31,5.0,23.0,quan cam le
2520.0,105.0,24.0,5.0,21.0,quan cam le
2900.0,100.0,29.0,5.0,20.0,quan cam le
1900.0,80.0,23.75,5.0,16.0,quan lien chieu
2499.0,100.0,24.99,5.0,20.0,quan cam le
4100.0,118.0,34.75,5.0,23.5,quan son tra
3450.0,100.0,34.5,5.0,20.0,quan cam le
1750.0,104.0,16.83,4.2,25.0,quan cam le
2250.0,100.0,22.5,4.2,25.0,quan lien chieu
3050.0,95.0,32.11,5.0,19.0,quan cam le
6000.0,100.0,60.0,5.0,20.0,quan son tra
6500.0,150.0,43.33,10.0,15.0,quan son tra
2800.0,82.0,34.15,5.0,15.0,quan cam le
795.0,142.0,5.6,6.0,23.6,huyen hoa vang
1600.0,100.0,16.0,6.0,23.6,quan lien chieu
1300.0,100.0,13.0,6.0,23.6,quan ngu hanh son
2860.0,100.0,28.6,5.0,20.0,quan cam le
900.0,150.0,6.0,5.0,30.0,huyen hoa vang
3300.0,100.0,33.0,5.0,20.0,quan cam le
4490.0,117.5,38.38,5.0,20.0,quan son tra
5400.0,130.0,41.54,5.0,26.0,quan cam le
750.0,403.0,1.86,15.0,25.0,huyen hoa vang
2599.0,100.0,25.99,5.0,20.0,quan cam le
2630.0,100.0,26.3,5.0,20.0,quan cam le
4150.0,100.0,41.5,5.0,20.0,quan cam le
1750.0,105.0,16.67,5.0,21.0,quan ngu hanh son
500.0,130.0,3.85,5.0,21.0,huyen hoa vang
2399.9990000000007,105.0,22.86,5.0,21.0,quan lien chieu
2300.0,125.0,18.4,5.0,25.0,quan lien chieu
1820.0,100.0,18.2,5.0,20.0,quan ngu hanh son
1550.0,100.0,15.5,5.0,20.0,quan lien chieu
2250.0,72.0,31.25,4.0,18.0,quan lien chieu
2089.0,108.0,19.34,5.0,21.0,quan ngu hanh son
3500.0,159.0,22.01,8.2,19.0,quan ngu hanh son
3350.0,90.0,37.22,5.0,18.0,quan lien chieu
3350.0,100.0,33.5,5.0,20.0,quan cam le
1650.0,112.0,14.73,7.0,16.0,huyen hoa vang
1750.0,100.0,17.5,5.0,20.0,quan ngu hanh son
1150.0,100.0,11.5,5.0,20.0,huyen hoa vang
780.0,150.0,5.2,5.0,30.0,huyen hoa vang
2190.0,100.0,21.9,5.0,20.0,quan cam le
4612.0,112.5,41.18,5.0,22.5,quan cam le
3200.0,52.0,61.54,4.5,13.0,quan son tra
590.0,100.0,5.9,5.0,20.0,huyen hoa vang
1240.0,69.0,17.97,5.0,20.0,quan lien chieu
1900.0,97.0,19.59,4.0,24.0,quan lien chieu
1400.0,100.0,14.0,5.0,20.0,quan lien chieu
2100.0,90.0,23.33,5.0,18.0,quan lien chieu
3200.0,100.0,32.0,5.0,20.0,quan ngu hanh son
3050.0,95.0,32.11,5.0,20.0,quan cam le
1870.0,100.0,18.7,5.0,20.0,huyen hoa vang
2600.0,120.0,21.67,5.0,24.0,quan lien chieu
4400.0,84.0,52.38,5.0,16.0,quan lien chieu
599.0,102.0,5.87,6.0,17.0,huyen hoa vang
1250.0,98.0,12.76,7.0,14.0,huyen hoa vang
4200.0,109.0,38.53,5.0,21.0,quan ngu hanh son
1780.0,70.0,25.43,4.25,16.48,quan lien chieu
4399.9999990000015,66.0,66.67,6.0,10.0,quan son tra
6500.0,150.0,43.33,7.85,20.0,quan son tra
2150.0,62.0,34.68,3.12,20.0,quan hai chau
2570.0,100.0,25.7,5.0,20.0,quan ngu hanh son
1820.0,115.0,15.83,5.0,25.0,quan lien chieu
3200.0,100.0,32.0,5.0,20.0,quan ngu hanh son
2100.0,100.0,21.0,5.0,20.0,quan ngu hanh son
2950.0,100.0,29.5,5.0,20.0,quan ngu hanh son
2350.0,115.0,20.43,5.0,23.0,quan lien chieu
482.0,120.0,4.02,6.0,20.0,huyen hoa vang
480.0,105.0,4.57,6.0,18.0,huyen hoa vang
3930.0,100.0,39.3,5.0,20.0,quan son tra
1870.0,100.0,18.7,5.0,20.0,huyen hoa vang
2750.0,100.0,27.5,5.0,20.0,quan cam le
488.0,129.0,3.78,5.0,28.0,huyen hoa vang
5050.0,72.0,70.14,6.5,11.0,quan thanh khe
2900.0,100.0,29.0,5.0,20.0,quan ngu hanh son
950.0,147.0,6.46,7.0,21.0,huyen hoa vang
2050.0,100.0,20.5,5.0,20.0,quan lien chieu
1100.0,90.0,12.22,5.0,19.0,quan ngu hanh son
2350.0,100.0,23.5,5.0,20.0,quan cam le
1250.0,200.0,6.25,6.7,29.0,huyen hoa vang
5500.0,119.0,46.22,7.0,17.0,quan son tra
4200.0,76.0,55.26,5.0,15.33,quan thanh khe
3350.0,100.0,33.5,5.0,20.0,quan cam le
2790.0,100.0,27.9,5.0,20.0,quan cam le
1790.0,61.0,29.34,4.02,15.0,quan thanh khe
680.0,120.0,5.67,5.0,24.0,huyen hoa vang
2099.0,100.0,20.99,5.0,20.0,quan lien chieu
1720.0,60.0,28.67,3.0,20.0,quan thanh khe
4950.0,122.0,40.57,5.0,24.5,quan son tra
3350.0,80.0,41.88,4.0,24.5,quan lien chieu
2070.0,100.0,20.7,5.0,20.0,quan ngu hanh son
2900.0,100.0,29.0,5.0,20.0,quan ngu hanh son
3150.0,100.0,31.5,5.0,20.0,quan ngu hanh son
3800.0,82.0,46.34,5.18,18.0,quan son tra
1300.0,350.0,3.71,17.0,22.0,huyen hoa vang
3000.0,85.0,35.29,5.0,17.0,quan lien chieu
2750.0,100.0,27.5,5.0,20.0,quan ngu hanh son
2600.0,75.0,34.67,5.0,15.0,quan lien chieu
3520.0,100.0,35.2,5.0,20.0,quan cam le
6600.0,125.0,52.8,5.0,25.0,quan ngu hanh son
390.0,100.0,3.9,5.0,50.0,huyen hoa vang
3456.7891229999996,100.0,34.57,5.0,20.0,quan cam le
3600.0,100.0,36.0,5.0,20.0,quan cam le
646.0,143.0,4.52,5.0,26.0,huyen hoa vang
3180.0,101.3,31.49,6.0,16.88,quan ngu hanh son
3300.0,98.0,33.67,6.0,16.88,quan lien chieu
3460.0,100.0,34.6,5.0,20.0,quan cam le
2900.0,120.0,24.17,5.0,24.0,quan cam le
1350.0,99.0,13.64,4.0,25.0,quan cam le
698.0,170.0,4.11,5.0,32.0,huyen hoa vang
3649.0,100.0,36.49,5.0,20.0,quan cam le
3750.0,120.0,31.25,5.0,20.0,quan thanh khe
3350.0,100.0,33.5,5.0,20.0,quan cam le
350.0,105.0,3.33,5.0,21.0,quan ngu hanh son
1950.0,57.0,34.21,4.0,30.0,quan son tra
2850.0,84.1,33.93,4.2,18.0,quan lien chieu
700.0,150.0,4.67,6.0,26.1,huyen hoa vang
800.0,105.0,7.62,5.0,21.0,quan ngu hanh son
3700.0,110.0,33.64,10.0,21.0,quan hai chau
5900.0,91.0,64.84,6.0,15.0,quan son tra
3400.0,100.0,34.0,5.0,20.0,quan cam le
3250.0,85.0,38.24,5.0,17.0,quan son tra
3050.0,56.0,54.46,5.0,17.0,quan hai chau
2800.0,100.0,28.0,5.0,20.0,quan ngu hanh son
2700.0,75.0,36.0,5.0,15.0,quan lien chieu
3280.0,96.0,34.17,5.0,19.0,quan cam le
2900.0,90.0,32.22,5.0,18.0,quan lien chieu
5400.0,90.0,60.0,5.0,18.0,quan thanh khe
1200.0,125.0,9.6,5.0,25.0,huyen hoa vang
3100.0,110.0,28.18,5.0,22.0,quan cam le
11800.0,222.0,53.15,9.0,25.0,quan son tra
2350.0,95.0,24.74,5.0,25.0,quan ngu hanh son
3450.0,100.0,34.5,5.0,20.0,quan cam le
3100.0,110.0,28.18,5.0,22.0,quan cam le
2000.0,66.0,30.3,4.5,12.0,quan thanh khe
1730.0,105.0,16.476190476190474,5.0,21.0,quan ngu hanh son
4450.0,100.0,44.5,5.0,20.0,quan cam le
1680.0,51.0,32.94,5.0,20.0,quan thanh khe
5200.0,153.0,33.99,7.0,20.0,quan ngu hanh son
3700.0,90.0,41.11,7.0,20.0,quan ngu hanh son
1400.0,100.0,14.0,7.0,20.0,quan ngu hanh son
3900.0,145.0,26.9,8.9,20.0,quan ngu hanh son
1800.0,64.0,28.13,4.5,14.0,quan lien chieu
2550.0,90.0,28.33,4.5,20.0,quan lien chieu
2200.0,100.0,22.0,5.0,20.0,quan ngu hanh son
2550.0,100.0,25.5,5.0,20.0,quan cam le
2730.0,100.0,27.3,5.0,20.0,quan ngu hanh son
3270.0,100.0,32.7,5.0,20.0,quan cam le
4200.0,109.0,38.53,5.0,21.5,quan ngu hanh son
1160.0,86.4,13.49,5.0,18.0,quan ngu hanh son
1400.0,80.0,17.5,6.0,13.0,quan lien chieu
3000.0,125.0,24.0,5.0,25.0,quan cam le
3270.0,100.0,32.7,5.0,20.0,quan cam le
1760.0,108.0,16.3,5.0,21.0,quan ngu hanh son
15900.0,173.0,91.91,8.3,21.0,quan son tra
1250.0,119.0,10.5,7.0,17.0,huyen hoa vang
4150.0,137.0,30.29,5.0,27.0,quan cam le
3300.0,100.0,33.0,5.0,20.0,quan cam le
3300.0,100.0,33.0,5.0,18.0,quan cam le
1300.0,70.0,18.57,5.0,20.0,quan lien chieu
831.6,100.0,8.32,6.0,17.0,quan ngu hanh son
2050.0,67.5,30.6,4.5,17.0,quan lien chieu
3550.0,100.0,35.5,5.0,20.0,quan cam le
2400.0,370.0,6.49,10.0,37.0,huyen hoa vang
1450.0,128.0,11.33,5.0,25.6,quan ngu hanh son
2600.0,60.0,43.33,3.7,17.0,quan son tra
3500.0,100.0,35.0,5.0,20.0,quan cam le
2650.0,96.0,27.6,6.0,16.0,quan ngu hanh son
1690.0,60.0,28.17,4.85,13.0,quan lien chieu
4000.0,117.5,34.19,5.0,23.5,quan son tra
535.0,100.0,5.35,5.0,20.0,huyen hoa vang
4150.0,100.0,41.5,5.0,20.0,quan cam le
480.0,144.0,3.33,5.0,28.0,huyen hoa vang
550.0,125.0,4.4,5.0,25.0,huyen hoa vang
1762.0,105.0,16.78,5.0,21.0,quan ngu hanh son
3350.0,100.0,33.5,5.0,20.0,quan cam le
525.0,117.0,4.49,5.0,20.0,huyen hoa vang
1400.0,65.0,21.54,4.0,16.0,quan lien chieu
2790.0,152.0,18.36,8.0,19.0,quan ngu hanh son
3450.0,72.0,47.92,4.0,20.0,quan son tra
890.0,148.5,6.01,5.0,29.0,huyen hoa vang
1700.0,105.0,16.19,5.0,29.0,quan ngu hanh son
3750.0,100.0,37.5,5.0,20.0,quan cam le
520.0,100.0,5.2,5.0,20.0,huyen hoa vang
3750.0,93.0,40.32,5.0,18.6,quan lien chieu
2300.0,50.5,46.0,4.0,13.0,quan thanh khe
3650.0,100.0,36.5,5.0,20.0,quan cam le
770.0,145.0,5.31,5.0,29.0,huyen hoa vang
2250.0,76.5,29.61,5.0,29.0,quan lien chieu
1700.0,100.0,17.0,5.0,20.0,huyen hoa vang
2400.0,109.0,22.02,5.0,21.0,quan cam le
2900.0,100.0,29.0,5.0,20.0,quan ngu hanh son
640.0,120.0,5.33,5.0,20.0,huyen hoa vang
450.0,144.0,3.13,5.0,29.0,huyen hoa vang
1250.0,165.0,7.58,6.0,33.0,huyen hoa vang
3550.0,85.0,41.76,5.0,17.0,quan lien chieu
3100.0,110.0,28.18,5.0,22.0,quan ngu hanh son
1950.0,100.0,19.5,5.0,20.0,quan lien chieu
500.0,130.0,3.8461538461538463,5.5,23.0,huyen hoa vang
4900.0,150.0,32.67,7.0,20.0,quan ngu hanh son
3200.0,100.0,32.0,5.0,20.0,quan lien chieu
3500.0,90.0,38.89,6.0,15.0,quan ngu hanh son
2200.0,100.0,22.0,5.0,20.0,quan ngu hanh son
2450.0,91.5,26.92,5.1,18.0,quan ngu hanh son
2200.0,120.0,18.33,6.0,20.0,quan cam le
2450.0,90.0,27.22,5.0,19.0,quan cam le
3050.0,56.0,54.46,5.0,19.0,quan hai chau
1930.0,100.0,19.3,5.0,20.0,quan lien chieu
1900.0,80.0,23.75,4.7,20.0,quan lien chieu
3000.0,100.0,30.0,5.0,20.0,quan ngu hanh son
2950.0,100.0,29.5,5.0,22.0,quan ngu hanh son
3450.0,64.0,53.91,5.0,22.0,quan thanh khe
1400.0,85.0,16.47,5.0,17.0,quan ngu hanh son
2300.0,60.0,38.33,5.0,17.0,quan thanh khe
2050.0,185.0,11.08108108108108,6.0,31.0,huyen hoa vang
3350.0,80.0,41.88,4.0,20.0,quan lien chieu
1490.0,195.0,7.64,7.0,28.0,huyen hoa vang
830.0,160.0,5.19,6.0,23.0,huyen hoa vang
1690.0,50.0,33.8,6.0,23.0,quan thanh khe
1530.0,83.0,18.43,4.2,23.0,quan lien chieu
2950.0,100.0,29.5,4.2,23.0,quan ngu hanh son
2250.0,76.0,29.61,4.5,16.8,quan lien chieu
2200.0,100.0,22.0,4.5,16.8,quan ngu hanh son
1350.0,120.0,11.25,5.0,24.0,huyen hoa vang
1200.0,135.0,8.89,8.58,15.0,huyen hoa vang
1900.0,80.0,23.75,5.0,18.0,quan ngu hanh son
2350.0,50.0,47.0,6.3,8.0,quan son tra
3650.0,102.0,35.78,5.0,20.5,quan cam le
2600.0,78.0,33.33,5.6,13.0,quan son tra
7100.0,75.0,94.67,5.0,15.0,quan son tra
4150.0,137.0,30.29,5.0,26.0,quan cam le
2650.0,75.0,35.33,4.3,17.5,quan cam le
4150.0,121.0,34.3,4.3,17.5,quan cam le
3900.0,123.0,31.71,3.0,33.0,quan thanh khe
6500.0,119.0,54.62,5.0,23.0,quan ngu hanh son
1410.0,85.0,16.59,5.0,17.0,quan ngu hanh son
1320.0,100.0,13.2,4.0,25.0,quan cam le
1720.0,75.0,22.93,5.0,15.0,quan lien chieu
1200.0,328.0,3.66,10.0,32.0,huyen hoa vang
2950.0,100.0,29.5,5.0,20.0,quan ngu hanh son
3400.0,104.0,32.69,4.3,23.0,quan ngu hanh son
8700.0,112.0,77.68,7.0,18.0,quan son tra
4100.0,112.0,36.61,5.0,21.0,quan lien chieu
2150.0,100.0,21.5,5.0,20.0,quan ngu hanh son
5000.0,105.0,47.62,5.0,21.0,quan lien chieu
2860.0,53.0,53.96,4.0,13.5,quan son tra
1000.0,150.0,6.67,5.0,30.0,huyen hoa vang
3150.0,81.0,38.89,5.0,16.2,quan lien chieu
1400.0,98.0,14.29,5.0,19.0,quan ngu hanh son
4150.0,137.0,30.29,5.0,26.0,quan cam le
2850.0,100.0,28.5,5.0,20.0,quan ngu hanh son
2400.0,100.0,24.0,10.0,20.0,quan ngu hanh son
3560.0,120.0,29.67,10.0,20.0,quan lien chieu
3280.0,100.0,32.8,5.0,20.0,quan cam le
11800.0,102.6,115.69,5.4,19.0,quan son tra
2600.0,78.0,33.33,5.6,13.2,quan son tra
2440.0,100.0,24.4,5.0,20.0,quan cam le
2600.0,75.0,34.67,5.0,25.0,quan lien chieu
3550.0,125.0,28.4,5.0,25.0,quan ngu hanh son
4050.0,100.0,40.5,5.0,20.0,quan cam le
2950.0,100.0,29.5,5.0,20.0,quan ngu hanh son
4800.0,100.0,48.0,5.0,20.0,quan son tra
3200.0,352.0,9.09,9.4,36.5,huyen hoa vang
2550.0,90.0,28.33,4.5,20.0,quan lien chieu
720.0,132.0,5.45,5.0,27.0,huyen hoa vang
720.0,130.0,5.54,5.0,26.0,huyen hoa vang
2800.0,80.0,35.0,5.25,14.0,quan cam le
7000.0,160.0,43.75,10.0,16.0,quan son tra
2200.0,150.0,14.67,6.0,22.0,huyen hoa vang
1000.0,125.0,8.0,5.0,25.0,huyen hoa vang
2500.0,100.0,25.0,5.0,20.0,quan ngu hanh son
3300.0,100.0,33.0,5.0,20.0,quan cam le
2900.0,90.0,32.22,5.0,18.0,quan lien chieu
3600.0,125.0,28.8,5.0,25.0,quan lien chieu
2050.0,68.0,30.15,4.5,15.0,quan lien chieu
2750.0,90.6,30.56,5.0,18.0,quan lien chieu
1370.0,70.0,19.57,5.0,14.0,quan lien chieu
3950.0,112.0,35.27,5.0,22.0,quan lien chieu
1800.0,100.0,18.0,5.0,20.0,quan lien chieu
2750.0,106.7,25.94,5.68,20.0,quan cam le
2180.0,62.0,35.16,6.0,20.0,quan thanh khe
1850.0,100.0,18.5,6.0,20.0,huyen hoa vang
1250.0,200.0,6.25,10.0,20.0,huyen hoa vang
2400.0,100.0,24.0,5.0,20.0,quan cam le
3400.0,41.0,82.93,10.0,29.5,quan thanh khe
2700.0,105.0,25.71,5.0,20.0,quan ngu hanh son
3100.0,110.0,28.18,5.0,22.0,quan cam le
2050.0,80.0,25.63,7.0,22.0,quan lien chieu
2450.0,90.0,27.22,5.0,25.0,quan cam le
3650.0,100.0,36.5,5.0,20.0,quan cam le
2880.0,105.0,27.43,5.0,21.0,quan ngu hanh son
3520.0,100.0,35.2,5.0,20.0,quan cam le
3300.0,100.0,33.0,5.0,20.0,quan cam le
1490.0,71.0,20.99,5.0,20.0,quan lien chieu
1250.0,140.0,8.93,5.0,28.0,huyen hoa vang
4150.0,100.0,41.5,5.0,20.0,quan cam le
3350.0,90.0,37.22,5.0,18.0,quan lien chieu
2790.0,152.0,18.36,8.0,19.0,quan ngu hanh son
4050.0,115.0,35.22,5.0,23.0,quan cam le
2830.0,77.0,36.75,5.0,15.0,quan lien chieu
1500.0,60.0,25.0,3.0,20.0,quan lien chieu
2900.0,100.0,29.0,5.0,20.0,quan cam le
1400.0,100.0,14.0,5.0,20.0,quan ngu hanh son
3300.0,100.0,33.0,5.0,20.0,quan cam le
2850.0,84.1,33.93,4.2,18.0,quan lien chieu
2434.0,100.0,24.34,5.0,20.0,quan ngu hanh son
4050.0,100.0,40.5,5.0,20.0,quan cam le
4050.0,100.0,40.5,5.0,20.0,quan cam le
3450.0,100.0,34.5,5.0,20.0,quan cam le
2816.0,100.0,34.5,5.0,20.0,quan cam le
13500.0,160.0,84.38,10.0,16.0,quan son tra
2600.0,100.0,26.0,5.0,20.0,quan cam le
3050.0,110.0,27.73,5.0,22.0,quan cam le
2250.0,87.3,25.86,4.5,20.0,quan ngu hanh son
2420.0,100.0,24.2,5.0,20.0,quan ngu hanh son
1800.0,210.0,8.57,13.0,16.0,huyen hoa vang
2000.0,60.0,33.33,13.0,16.0,quan son tra
2300.0,90.0,25.56,5.0,18.0,quan ngu hanh son
3800.0,100.0,38.0,6.0,20.0,quan thanh khe
1680.0,51.0,32.94,5.0,10.2,quan thanh khe
15000.0,135.0,111.11,6.0,23.0,quan son tra
3320.0,65.0,51.08,3.0,18.0,quan son tra
3350.0,80.5,41.88,4.0,20.0,quan lien chieu
2270.0,97.0,23.4,5.5,17.0,quan lien chieu
2200.0,81.0,27.16,4.0,17.0,quan cam le
2960.0,100.0,29.6,5.0,20.0,quan cam le
3200.0,105.0,30.476190476190474,5.0,21.0,quan ngu hanh son
1763.0,125.0,14.1,5.0,21.0,quan ngu hanh son
3450.0,100.0,34.5,5.0,20.0,quan cam le
2050.0,100.0,20.5,5.0,20.0,quan lien chieu
2600.0,100.0,26.0,5.0,20.0,quan cam le
2200.0,97.0,22.68,5.0,20.0,quan ngu hanh son
3750.0,89.0,42.13,5.0,20.0,quan thanh khe
1450.0,100.0,14.5,5.0,20.0,huyen hoa vang
2900.0,110.0,26.36,5.0,22.0,quan ngu hanh son
2450.0,100.0,24.5,5.0,20.0,quan cam le
2020.0,100.0,20.2,5.0,20.0,quan lien chieu
2150.0,100.0,21.5,5.0,20.0,quan ngu hanh son
2400.0,62.0,38.71,4.2,15.5,quan son tra
2850.0,74.0,38.51,4.2,15.5,quan lien chieu
2900.0,108.0,26.85,6.0,18.0,quan ngu hanh son
2820.0,72.0,39.17,6.0,18.0,quan lien chieu
2000.0,100.0,20.0,6.0,18.0,quan lien chieu
525.0,144.0,3.65,5.0,29.0,huyen hoa vang
2200.0,147.0,14.97,8.0,20.0,quan ngu hanh son
3300.0,100.0,33.0,5.0,20.0,quan cam le
1050.0,120.0,8.75,6.0,20.0,huyen hoa vang
4000.0,90.0,44.44,5.0,20.0,quan son tra
4400.0,100.0,44.0,5.0,20.0,quan cam le
3990.0,99.0,40.3,5.0,20.0,quan ngu hanh son
698.0,170.0,4.11,5.3,32.0,huyen hoa vang
3400.0,100.0,34.0,5.0,20.0,quan cam le
4050.0,100.0,40.5,5.0,20.0,quan cam le
4500.0,100.0,45.0,5.0,20.0,quan cam le
8500.0,102.0,83.33,5.0,20.0,quan son tra
4200.0,76.0,55.26,5.0,15.2,quan thanh khe
387.0,108.0,3.58,5.21,20.0,huyen hoa vang
2400.0,105.0,22.86,5.0,21.0,quan lien chieu
2750.0,90.0,30.56,6.0,15.0,quan cam le
388.0,104.0,3.73,5.0,20.0,huyen hoa vang
13500.0,160.0,84.38,10.0,16.0,quan son tra
2100.0,52.6,40.38,4.2,12.52,quan son tra
4050.0,100.0,40.5,5.0,20.0,quan cam le
4400.0,100.0,44.0,5.0,20.0,quan ngu hanh son
3500.0,100.0,35.0,5.0,20.0,quan cam le
2550.0,90.0,28.33,4.5,25.0,quan lien chieu
1700.0,70.0,24.29,6.0,25.0,quan lien chieu
1410.0,85.0,16.59,5.0,17.0,quan ngu hanh son
3650.0,100.0,36.5,5.0,20.0,quan cam le
1330.0,65.0,20.46,5.0,20.0,quan lien chieu
2900.0,100.0,29.0,5.0,20.0,quan cam le
4100.0,100.0,41.0,5.0,20.0,quan cam le
2950.0,105.0,28.1,5.0,21.0,quan ngu hanh son
5100.0,100.0,51.0,5.0,21.0,quan ngu hanh son
4180.0,100.0,41.8,5.0,20.0,quan cam le
2300.0,110.0,20.91,4.7,22.0,quan cam le
2590.0,100.0,25.9,5.0,20.0,quan cam le
1650.0,100.0,16.5,5.0,20.0,quan ngu hanh son
1350.0,150.0,9.0,6.0,25.0,huyen hoa vang
4050.0,100.0,40.5,5.0,20.0,quan cam le
4050.0,100.0,40.5,5.0,20.0,quan cam le
520.0,100.0,5.2,5.0,20.0,huyen hoa vang
2600.0,75.0,34.67,5.0,15.0,quan lien chieu
5600.0,122.5,45.9,5.0,24.5,quan cam le
2550.0,90.0,28.33,5.0,18.0,quan lien chieu
1390.0,150.0,9.27,5.0,30.0,huyen hoa vang
2320.0,100.0,23.2,5.0,20.0,quan cam le
8800.0,220.0,40.0,10.0,22.0,quan son tra
2222.222,100.0,22.22,5.0,20.0,quan ngu hanh son
1400.0,100.0,14.0,5.0,20.0,quan ngu hanh son
2380.0,100.0,23.8,5.0,20.0,quan ngu hanh son
4600.0,100.5,46.0,5.0,20.5,quan ngu hanh son
1350.0,65.0,20.77,5.0,12.0,quan lien chieu
2760.0,106.0,26.04,5.0,22.0,quan cam le
524.0,100.0,5.24,5.0,22.0,huyen hoa vang
2050.0,95.0,21.58,5.0,19.0,quan lien chieu
2100.0,100.0,21.0,5.0,20.0,quan lien chieu
3000.0,100.0,30.0,5.0,20.0,quan ngu hanh son
1410.0,62.0,22.74,7.0,9.0,quan lien chieu
5200.0,153.0,33.99,7.0,9.0,quan ngu hanh son
3520.0,100.0,35.2,5.0,20.0,quan cam le
2770.0,147.0,18.84,7.0,19.0,quan ngu hanh son
3000.0,64.0,46.88,4.5,14.0,quan son tra
2450.0,100.0,24.5,5.0,20.0,quan ngu hanh son
3520.0,100.0,35.2,5.0,20.0,quan cam le
16500.0,210.0,78.57,5.0,20.0,quan son tra
1669.0,81.0,20.6,5.0,16.0,quan son tra
3450.0,68.0,50.74,5.0,16.0,quan thanh khe
2050.0,68.0,30.15,4.5,16.0,quan lien chieu
3050.0,99.5,30.81,5.0,19.9,quan ngu hanh son
3450.0,100.0,34.5,5.0,20.0,quan cam le
1730.0,105.0,16.476190476190474,5.0,21.0,quan ngu hanh son
3700.0,90.0,41.11,5.0,18.0,quan thanh khe
6200.0,104.0,59.62,4.0,21.0,quan son tra
2100.0,52.6,40.38,4.2,12.52,quan son tra
9000.0,180.0,50.0,18.0,10.0,quan son tra
1600.0,100.0,16.0,5.0,20.0,quan lien chieu
792.9,105.0,7.55,5.0,21.0,quan ngu hanh son
4500.0,122.0,36.89,5.0,24.5,quan cam le
1760.0,150.0,11.73,5.0,30.0,huyen hoa vang
8700.0,180.0,48.33,10.0,18.0,quan son tra
1500.0,80.0,18.75,5.0,16.0,quan cam le
2300.0,88.0,26.14,4.0,22.0,quan thanh khe
4450.0,120.0,37.08,5.0,24.0,quan cam le
4500.0,90.0,50.0,5.0,18.0,quan ngu hanh son
2750.0,100.0,27.5,5.0,20.0,quan cam le
2408.0,100.0,24.08,5.0,20.0,quan cam le
6700.0,87.5,77.01,4.0,25.0,quan son tra
2450.0,62.0,39.52,4.0,25.0,quan hai chau
2350.0,118.0,19.92,5.0,23.0,quan lien chieu
2100.0,53.0,39.62,4.0,12.0,quan son tra
2900.0,100.0,29.0,5.0,20.0,quan ngu hanh son
2050.0,80.0,25.63,5.0,16.0,quan lien chieu
415.0,152.0,2.73,5.0,30.0,huyen hoa vang
4350.0,90.0,48.33,4.0,20.0,quan cam le
2570.0,87.0,29.54,5.0,17.0,quan ngu hanh son
6600.0,76.0,86.84,5.0,17.0,quan son tra
2350.0,45.0,52.22,5.0,17.0,quan hai chau
950.0,153.0,6.21,6.15,26.0,huyen hoa vang
3400.0,100.0,34.0,6.15,26.0,quan cam le
2500.0,77.0,32.47,4.0,19.0,quan hai chau
520.0,100.0,5.2,5.0,19.0,huyen hoa vang
8000.0,98.0,81.63,7.0,14.0,quan son tra
1700.0,74.0,22.97,4.3,17.5,quan lien chieu
5200.0,153.0,33.99,7.0,22.0,quan ngu hanh son
2100.0,68.0,30.88,7.0,22.0,quan lien chieu
1700.0,93.0,18.28,5.0,19.5,quan cam le
1170.0,95.0,12.32,5.0,19.0,huyen hoa vang
3450.0,90.0,38.33,5.0,18.0,quan lien chieu
2850.0,82.0,34.76,5.0,16.0,quan cam le
3260.0,100.0,32.6,5.0,20.0,quan cam le
3200.0,100.0,32.0,5.0,20.0,quan cam le
2400.0,100.0,24.0,4.0,22.0,quan ngu hanh son
3350.0,80.0,41.88,4.0,20.0,quan lien chieu
2550.0,90.0,28.33,4.0,20.0,quan lien chieu
3030.0,100.0,30.3,5.0,20.0,quan cam le
3000.0,137.0,21.9,5.0,27.0,quan lien chieu
860.0,114.0,7.543859649122807,4.8,23.8,huyen hoa vang
2300.0,65.0,35.38,4.0,25.5,quan son tra
3945.0,145.0,27.21,8.0,17.0,quan ngu hanh son
2300.0,80.0,28.75,5.0,17.0,quan ngu hanh son
2850.0,74.0,38.51,5.0,14.0,quan lien chieu
3000.0,100.0,30.0,4.0,18.0,quan ngu hanh son
5400.0,82.0,65.85,5.0,16.0,quan hai chau
3600.0,60.0,60.0,5.0,20.0,quan thanh khe
760.0,100.0,7.6,5.0,20.0,huyen hoa vang
2150.0,100.0,21.5,13.5,24.4,quan ngu hanh son
1400.0,103.0,13.59,13.5,24.4,quan ngu hanh son
450.0,140.0,3.21,5.0,28.0,huyen hoa vang
2050.0,81.0,25.31,6.0,15.0,quan lien chieu
1580.0,236.0,6.69,9.0,26.2,huyen hoa vang
2100.0,53.0,39.62,4.0,13.0,quan son tra
2050.0,100.0,20.5,5.0,13.0,quan lien chieu
5100.0,98.0,52.04,5.0,19.0,quan ngu hanh son
4050.0,100.0,40.5,5.0,20.0,quan cam le
2950.0,100.0,29.5,5.0,20.0,quan ngu hanh son
3880.0,145.5,26.76,8.9,16.67,quan ngu hanh son
1180.0,134.0,8.81,8.0,16.0,huyen hoa vang
4050.0,100.0,40.5,5.0,20.0,quan cam le
3020.0,87.0,34.71,5.0,18.0,quan cam le
2850.0,84.1,33.93,4.2,18.0,quan lien chieu
3600.0,100.0,36.0,5.0,20.0,quan lien chieu
499.0,100.0,4.99,5.0,20.0,huyen hoa vang
2550.0,100.0,25.5,5.0,20.0,quan lien chieu
1550.0,117.0,13.25,5.0,23.0,huyen hoa vang
4200.0,80.0,52.5,5.0,16.0,quan ngu hanh son
2050.0,80.0,25.63,7.0,12.0,quan lien chieu
4500.0,84.0,53.57,5.0,16.0,quan lien chieu
2400.0,100.0,24.0,5.0,20.0,quan ngu hanh son
2900.0,125.0,23.2,5.0,25.0,quan lien chieu
388.0,101.0,3.84,5.0,20.0,huyen hoa vang
389.0,100.0,3.89,5.5,18.0,huyen hoa vang
10200.0,111.0,91.89,6.5,18.0,quan son tra
2950.0,100.0,29.5,5.0,20.0,quan ngu hanh son
3280.0,100.0,32.8,5.0,20.0,quan cam le
3520.0,100.0,35.2,5.0,20.0,quan cam le
2720.0,127.0,21.42,5.0,20.6,quan cam le
730.0,200.0,3.65,5.0,40.0,huyen hoa vang
2900.0,100.0,29.0,5.0,20.0,quan ngu hanh son
3350.0,100.0,33.5,5.0,20.0,quan cam le
1770.0,80.0,22.13,5.0,16.0,quan lien chieu
4350.0,105.0,41.43,5.0,21.0,quan lien chieu
2870.0,100.0,28.7,5.0,20.0,quan ngu hanh son
2300.0,100.0,23.0,5.0,20.0,quan cam le
2340.0,90.0,26.0,5.0,20.0,quan lien chieu
2900.0,100.0,29.0,5.0,20.0,quan ngu hanh son
2100.0,100.0,21.0,5.0,25.0,quan lien chieu
5400.0,90.0,60.0,5.0,25.0,quan thanh khe
2600.0,75.0,34.67,5.0,25.0,quan lien chieu
4300.0,99.0,43.43,5.5,18.0,quan cam le
3350.0,100.0,33.5,5.0,20.0,quan lien chieu
3550.0,100.0,35.5,6.0,20.0,quan cam le
4050.0,100.0,40.5,5.0,20.0,quan cam le
3600.0,105.0,34.29,5.0,21.0,quan lien chieu
390.0,100.0,3.9,5.0,20.0,huyen hoa vang
3400.0,100.0,34.0,5.0,20.0,quan cam le
8100.0,145.0,55.86,5.0,20.0,quan son tra
1350.0,66.0,20.45,5.0,20.0,quan lien chieu
2850.0,100.0,28.5,5.0,20.0,quan ngu hanh son
2550.0,100.0,25.5,5.0,20.0,quan cam le
1600.0,70.0,22.86,5.0,14.0,quan lien chieu
2500.0,98.0,25.51,5.0,20.0,quan lien chieu
1600.0,62.0,25.81,5.0,20.0,quan lien chieu
3200.0,83.0,38.55,5.0,16.0,quan ngu hanh son
983.0,125.0,7.86,5.0,25.0,quan ngu hanh son
2800.0,102.0,27.45,6.0,17.0,quan ngu hanh son
5200.0,100.0,52.0,5.0,20.0,quan son tra
8000.0,90.0,88.89,5.0,18.0,quan son tra
5250.0,125.0,42.0,5.0,25.0,quan ngu hanh son
3100.0,104.0,29.81,5.0,21.0,quan cam le
2900.0,100.0,29.0,5.0,20.0,quan cam le
2800.0,90.0,31.11,5.0,18.0,quan cam le
524.0,100.0,5.24,5.0,20.0,huyen hoa vang
450.0,250.0,1.8,15.0,17.0,quan son tra
2550.0,100.0,25.5,5.0,20.0,quan lien chieu
2590.0,147.0,17.62,7.0,18.0,quan ngu hanh son
2440.0,100.0,24.4,5.0,20.0,quan ngu hanh son
3150.0,100.0,31.5,5.0,20.0,quan cam le
1440.0,111.0,12.97,5.0,22.0,quan lien chieu
3050.0,100.0,30.5,5.0,20.0,quan cam le
2880.0,105.0,27.43,5.0,21.0,quan ngu hanh son
2590.0,80.0,32.38,5.0,16.0,quan lien chieu
2800.0,125.0,22.4,5.0,25.0,quan ngu hanh son
3200.0,87.0,36.78,5.0,17.0,quan ngu hanh son
2880.0,100.0,28.8,5.0,20.0,quan ngu hanh son
1550.0,120.0,12.92,6.0,20.0,quan ngu hanh son
4350.0,100.0,43.5,5.0,20.0,quan cam le
2700.0,127.0,21.26,6.0,21.6,quan ngu hanh son
520.0,340.0,1.53,10.0,34.0,huyen hoa vang
2550.0,90.0,28.33,10.0,34.0,quan lien chieu
5450.0,91.0,59.89,4.1,22.5,quan son tra
1620.0,40.0,40.5,4.0,10.0,quan thanh khe
1630.0,40.0,40.75,4.0,10.0,quan thanh khe
1700.0,100.0,17.0,5.0,20.0,quan ngu hanh son
2800.0,100.0,28.0,5.0,20.0,quan cam le
1700.0,51.0,33.33,4.0,12.0,quan thanh khe
2500.0,77.0,32.47,6.0,15.0,quan cam le
3300.0,125.0,26.4,5.0,25.0,quan ngu hanh son
2550.0,90.0,28.33,4.0,20.0,quan lien chieu
4480.0,127.0,35.28,6.3,21.0,quan son tra
2850.0,84.1,33.93,4.2,18.0,quan lien chieu
2050.0,67.5,30.6,4.5,15.0,quan lien chieu
3350.0,90.0,37.22,4.0,22.0,quan lien chieu
1400.0,109.0,12.84,4.0,22.0,quan ngu hanh son
3550.0,100.0,35.5,5.0,20.0,quan cam le
3050.0,56.0,54.46,5.0,11.0,quan hai chau
1050.0,100.0,10.5,5.0,20.0,quan lien chieu
680.0,122.0,5.57,5.01,24.0,huyen hoa vang
3450.0,144.0,23.96,6.0,24.0,quan ngu hanh son
3150.0,100.0,31.5,5.0,20.0,quan cam le
2100.0,90.0,23.33,5.0,18.0,quan lien chieu
1630.0,40.0,40.75,4.12,9.5,quan thanh khe
2600.0,100.0,26.0,5.0,20.0,quan cam le
2300.0,100.0,23.0,5.0,20.0,quan cam le
3280.0,115.0,28.52,5.0,21.0,quan cam le
2600.0,75.0,34.67,5.0,15.0,quan lien chieu
1638.0,125.0,13.1,5.0,25.0,quan ngu hanh son
4350.0,110.0,39.55,7.0,15.0,quan ngu hanh son
700.0,128.0,5.47,7.0,15.0,huyen hoa vang
1987.2,120.0,16.56,6.0,20.0,quan ngu hanh son
2550.0,145.0,17.59,5.0,28.7,quan ngu hanh son
1950.0,94.5,20.74,4.5,21.0,quan cam le
5100.0,102.8,50.0,5.0,20.52,quan cam le
1550.0,70.0,22.14,5.0,20.52,quan lien chieu
3650.0,101.0,36.14,5.0,20.0,quan cam le
3550.0,100.0,35.5,5.0,20.0,quan cam le
2280.0,100.0,22.8,5.0,20.0,quan lien chieu
2170.0,125.0,17.36,5.0,25.0,quan lien chieu
1720.0,60.0,28.67,3.0,20.0,quan thanh khe
2650.0,100.0,26.5,5.0,20.0,quan cam le
2050.0,100.0,20.5,5.0,20.0,quan lien chieu
3800.0,102.0,37.25,5.0,21.0,quan ngu hanh son
1700.0,105.0,16.19,5.0,21.0,quan ngu hanh son
560.0,170.0,3.29,6.0,26.0,huyen hoa vang
2970.0,100.0,29.7,5.0,20.0,quan ngu hanh son
2200.0,49.0,44.9,5.0,20.0,quan thanh khe
3280.0,97.0,33.81443298969072,5.0,19.0,quan cam le
589.0,120.0,4.91,6.0,20.0,huyen hoa vang
2650.0,100.0,26.5,5.0,20.0,quan ngu hanh son
2900.0,105.0,27.62,5.0,21.0,quan lien chieu
1450.0,80.0,18.13,5.0,21.0,quan cam le
2550.0,102.0,25.0,5.0,21.0,quan lien chieu
1200.0,375.0,3.2,10.0,37.0,huyen hoa vang
800.0,120.0,6.67,6.0,20.0,quan lien chieu
5700.0,145.5,39.31,6.0,23.0,quan cam le
2050.0,100.0,20.5,5.0,23.0,quan lien chieu
4200.0,120.0,35.0,4.59,26.5,quan ngu hanh son
3900.0,100.0,39.0,4.59,26.5,quan lien chieu
2350.0,45.7,52.22,5.0,9.2,quan hai chau
3550.0,106.0,33.49,6.0,18.0,quan ngu hanh son
2550.0,100.0,25.5,5.0,20.0,quan lien chieu
2817.0,147.0,19.16,7.8,20.0,quan son tra
3600.0,125.0,28.8,5.0,25.0,quan lien chieu
2950.0,100.0,29.5,5.0,20.0,quan cam le
3350.0,100.0,33.5,5.0,20.0,quan cam le
2030.0,120.0,16.92,6.0,20.0,quan ngu hanh son
3650.0,102.0,35.78,5.0,21.0,quan cam le
1900.0,100.0,19.0,5.0,25.0,quan lien chieu
4150.0,75.0,55.33,5.0,15.0,quan son tra
800.0,120.0,6.67,6.0,20.0,quan lien chieu
3300.0,100.0,33.0,5.0,20.0,quan cam le
2750.0,100.0,27.5,5.0,20.0,quan lien chieu
2350.0,98.0,23.98,7.0,14.0,quan lien chieu
4150.0,88.0,47.16,6.0,15.0,quan lien chieu
1300.0,240.0,5.42,6.0,39.0,huyen hoa vang
1240.0,84.0,14.76,6.0,14.0,quan cam le
530.0,120.0,4.42,5.0,25.0,huyen hoa vang
410.0,155.0,2.65,5.0,31.0,huyen hoa vang
4550.0,84.0,54.17,5.0,16.0,quan lien chieu
790.0,130.0,6.08,6.0,23.0,huyen hoa vang
4000.0,132.0,30.3,7.0,17.0,quan ngu hanh son
4200.0,88.0,47.73,6.0,15.0,quan lien chieu
3450.0,100.0,34.5,5.0,20.0,quan cam le
3000.0,100.0,30.0,5.0,20.0,quan ngu hanh son
1320.0,120.6,11.0,5.02,24.0,huyen hoa vang
2250.0,76.5,29.61,4.5,17.0,quan lien chieu
4500.0,100.0,45.0,5.0,20.0,quan son tra
1480.0,153.2,9.67,7.9,20.0,huyen hoa vang
2550.0,100.0,25.5,5.0,20.0,quan lien chieu
2250.0,76.0,29.61,5.0,16.0,quan thanh khe
1400.0,150.0,9.33,5.0,16.0,huyen hoa vang
2500.0,90.0,27.78,5.0,18.0,quan lien chieu
1950.0,100.0,19.5,5.0,20.0,quan lien chieu
1440.0,122.0,11.8,5.0,22.0,quan lien chieu
8500.0,90.0,94.44,5.0,22.0,quan son tra
2950.0,100.0,29.5,5.0,20.0,quan ngu hanh son
1590.0,95.2,16.74,7.4,14.5,quan lien chieu
123.46,100.0,1.23,7.4,14.5,quan son tra
2550.0,90.0,28.33,4.5,14.5,quan lien chieu
2350.0,50.0,47.0,6.0,8.0,quan son tra
2100.0,100.0,21.0,5.0,20.0,quan lien chieu
4150.0,79.2,52.53,4.0,20.0,quan thanh khe
560.0,100.0,5.6,5.0,20.0,huyen hoa vang
1600.0,95.0,16.842105263157894,7.0,14.0,quan lien chieu
290.0,84.0,3.45,6.0,14.0,quan lien chieu
2380.0,100.0,23.8,5.0,20.0,quan cam le
410.0,140.0,2.93,5.0,28.0,huyen hoa vang
2500.0,100.0,25.0,5.0,20.0,quan cam le
2500.0,105.0,23.81,5.0,20.0,quan lien chieu
2180.0,61.3,35.56280587275693,6.1,12.0,quan thanh khe
8000.0,66.0,121.21,4.4,15.0,quan son tra
3800.0,145.0,26.21,10.0,14.5,quan lien chieu
2050.0,67.5,30.6,4.5,14.5,quan lien chieu
3520.0,100.0,35.2,5.0,20.0,quan cam le
1900.0,147.0,12.93,5.0,29.0,quan ngu hanh son
123.46,85.0,1.45,10.0,20.0,quan son tra
1900.0,100.0,19.0,7.0,24.0,quan lien chieu
4700.0,100.0,47.0,5.0,20.0,quan ngu hanh son
2850.0,77.5,37.01,4.25,20.0,quan lien chieu
2600.0,75.0,34.67,5.0,20.0,quan lien chieu
3220.0,110.0,29.27,5.0,22.0,quan lien chieu
1120.0,120.0,9.33,7.0,22.0,huyen hoa vang
1180.0,125.0,9.44,5.0,25.0,huyen hoa vang
520.0,100.0,5.2,5.0,20.0,huyen hoa vang
2000.0,60.0,33.33,5.0,20.0,quan son tra
2550.0,90.0,28.33,5.0,20.0,quan lien chieu
2900.0,100.0,29.0,5.0,20.0,quan ngu hanh son
2050.0,100.0,20.5,5.0,20.0,quan lien chieu
1200.0,104.0,11.54,5.4,20.0,huyen hoa vang
2300.0,100.0,23.0,5.0,20.0,quan ngu hanh son
1400.0,100.0,14.0,9.0,8.0,quan ngu hanh son
2850.0,72.0,39.58,9.0,8.0,quan lien chieu
3900.0,145.0,26.9,10.0,15.0,quan lien chieu
2575.0,87.0,29.6,5.0,17.0,quan ngu hanh son
2050.0,80.0,25.63,6.0,17.0,quan lien chieu
1200.0,100.0,12.0,6.5,15.0,quan cam le
4950.0,94.5,52.66,4.5,21.0,quan lien chieu
2350.0,85.0,27.65,4.0,20.0,quan cam le
2650.0,90.0,29.44,5.0,18.0,quan lien chieu
4300.0,141.0,30.5,4.93,26.2,quan son tra
525.0,170.0,3.09,5.3,32.0,huyen hoa vang
4000.0,145.0,27.59,8.0,16.0,quan ngu hanh son
2350.0,103.0,22.82,8.0,16.0,quan ngu hanh son
3100.0,81.0,38.27,4.5,18.0,quan lien chieu
4650.0,100.0,46.5,5.0,20.0,quan ngu hanh son
1700.0,100.0,17.0,5.0,20.0,huyen hoa vang
1350.0,212.0,6.37,8.0,27.0,huyen hoa vang
3450.0,100.0,34.5,5.0,27.0,quan cam le
1950.0,100.0,19.5,5.0,20.0,quan lien chieu
2200.0,98.0,22.45,5.0,15.0,quan ngu hanh son
870.0,120.0,7.25,5.0,24.0,huyen hoa vang
2250.0,76.0,29.61,5.0,24.0,quan lien chieu
3050.0,110.0,27.73,5.0,22.0,quan ngu hanh son
450.0,80.0,5.63,5.0,18.0,quan lien chieu
750.0,109.0,6.88,10.0,11.0,huyen hoa vang
1762.0,105.0,16.78,5.0,21.0,quan ngu hanh son
1762.0,105.0,16.78,5.0,21.0,quan ngu hanh son
600.0,300.0,2.0,10.0,30.0,huyen hoa vang
1260.0,120.0,10.5,6.0,20.0,huyen hoa vang
4400.0,120.0,36.67,5.0,24.0,quan cam le
2100.0,90.0,23.33,5.0,18.0,quan lien chieu
596.0,145.0,4.11,5.0,25.0,huyen hoa vang
1060.0,131.0,8.09,14.0,9.0,huyen hoa vang
4100.0,100.0,41.0,5.0,20.0,quan cam le
4400.0,90.0,48.89,5.0,20.0,quan ngu hanh son
2100.0,79.0,26.58,4.0,20.0,quan thanh khe
4500.0,138.0,32.61,7.5,18.4,quan ngu hanh son
3250.0,87.0,37.36,5.0,17.0,quan cam le
2500.0,141.0,17.73,5.0,17.0,quan lien chieu
1490.0,77.0,19.35,4.1,19.0,quan lien chieu
3100.0,110.0,28.18,5.0,22.0,quan cam le
1490.0,77.0,19.35,4.1,19.0,quan lien chieu
2250.0,56.0,40.18,4.0,14.0,quan thanh khe
2300.0,65.0,35.38,4.0,14.0,quan son tra
899.0,160.0,5.62,5.0,28.0,huyen hoa vang
820.0,185.0,4.43,5.0,37.0,huyen hoa vang
1400.0,100.0,14.0,5.0,20.0,quan ngu hanh son
3050.0,85.0,35.88,5.0,17.0,quan cam le
2200.0,97.5,22.68,5.0,19.5,quan ngu hanh son
8000.0,90.0,88.89,5.0,18.0,quan son tra
4500.0,98.0,45.92,7.0,14.0,quan lien chieu
7000.0,135.0,51.85,8.0,17.0,quan hai chau
2870.0,100.0,28.7,10.0,10.0,quan ngu hanh son
3200.0,100.0,32.0,5.0,20.0,quan ngu hanh son
3050.0,78.0,39.1,6.0,13.0,quan thanh khe
2350.0,125.0,18.8,5.0,25.0,quan lien chieu
9500.0,127.0,74.8,5.0,25.0,quan son tra
3900.0,86.0,45.35,5.0,17.0,quan cam le
3650.0,100.0,36.5,5.0,20.0,quan cam le
3200.0,100.0,32.0,5.0,20.0,quan cam le
5100.0,125.0,40.8,5.0,25.0,quan cam le
1530.0,83.0,18.43,4.12,20.145631067961165,quan lien chieu
10700.0,125.0,85.6,5.0,25.0,quan son tra
2050.0,100.0,20.5,5.0,20.0,quan lien chieu
380.0,150.0,2.53,5.0,30.0,quan ngu hanh son
2600.0,75.0,34.67,5.0,15.0,quan lien chieu
3000.0,110.0,27.27,5.0,22.0,quan ngu hanh son
2900.0,125.0,23.2,5.0,25.0,quan ngu hanh son
5000.0,137.0,36.5,6.0,19.8,quan hai chau
1350.0,108.0,12.5,6.0,18.0,huyen hoa vang
2800.0,100.0,28.0,5.0,20.0,quan cam le
1600.0,225.0,7.11,6.0,35.0,huyen hoa vang
2650.0,100.0,26.5,5.0,20.0,quan cam le
220.0,64.0,3.44,4.0,14.0,quan son tra
3200.0,95.0,33.68,5.0,18.0,quan cam le
3650.0,105.0,34.76,5.0,21.0,quan lien chieu
3050.0,99.5,30.81,5.0,20.0,quan ngu hanh son
4500.0,90.0,50.0,5.0,18.0,quan ngu hanh son
1640.0,120.0,13.67,5.0,24.0,huyen hoa vang
525.0,109.0,4.82,5.0,22.0,huyen hoa vang
3200.0,110.0,29.09,9.0,24.0,quan ngu hanh son
2700.0,113.0,23.89,5.0,22.0,quan cam le
2850.0,77.5,37.01,4.2,22.0,quan lien chieu
1390.0,150.0,9.27,5.0,20.0,huyen hoa vang
2050.0,125.0,16.4,5.0,20.0,huyen hoa vang
3050.0,98.0,31.12,5.0,19.0,quan cam le
10500.0,131.0,80.15,5.0,26.0,quan son tra
4300.0,120.0,35.83,5.0,24.0,quan cam le
3400.0,80.0,42.5,5.0,16.0,quan cam le
2450.0,100.0,24.5,5.0,20.0,quan cam le
4300.0,77.0,55.84,5.0,20.0,quan hai chau
2900.0,100.0,29.0,5.0,20.0,quan cam le
7990.0,160.0,49.94,8.0,20.0,quan son tra
1100.0,239.0,4.6,9.2,20.0,huyen hoa vang
1950.0,67.5,29.1,4.5,20.0,quan lien chieu
1200.0,262.0,4.58,10.6,24.7,huyen hoa vang
1250.0,115.0,10.87,5.0,23.0,huyen hoa vang
700.0,170.0,4.12,5.3,32.0,huyen hoa vang
3550.0,100.0,35.5,5.0,20.0,quan lien chieu
1550.0,61.0,25.41,4.0,16.0,quan lien chieu
2850.0,100.0,28.5,5.0,18.4,quan ngu hanh son
3950.0,92.0,42.93,5.0,24.0,quan thanh khe
3550.0,100.0,35.5,5.0,20.0,quan cam le
5700.0,85.0,67.06,5.0,25.0,quan son tra
1490.0,72.0,20.69,5.0,25.0,quan lien chieu
1100.0,120.0,9.17,7.3,16.5,huyen hoa vang
2600.0,79.0,32.91,5.0,13.0,quan son tra
2600.0,100.0,26.0,6.0,16.0,quan ngu hanh son
4500.0,100.0,45.0,5.0,20.0,quan cam le
3200.0,90.0,35.56,9.0,10.0,quan son tra
9000.0,175.0,51.43,6.3,28.0,quan son tra
4500.0,100.0,45.0,5.0,20.0,quan ngu hanh son
3300.0,130.0,25.38,6.0,20.0,quan cam le
515.0,400.0,1.29,6.0,49.0,huyen hoa vang
1700.0,100.0,17.0,6.0,49.0,huyen hoa vang
1550.0,70.0,22.14,4.5,35.0,quan lien chieu
3520.0,100.0,35.2,5.0,20.0,quan cam le
2380.0,100.0,23.8,5.0,20.0,quan cam le
3250.0,110.0,29.55,5.0,22.0,quan lien chieu
2700.0,108.0,25.0,6.0,18.0,quan ngu hanh son
2050.0,100.0,20.5,5.0,18.0,quan lien chieu
3800.0,100.0,38.0,5.0,20.0,quan cam le
520.0,400.0,1.3,7.0,49.0,huyen hoa vang
4570.0,110.0,41.55,5.0,22.0,quan cam le
2550.0,90.0,28.33,4.5,22.0,quan lien chieu
2870.0,100.0,28.7,5.0,19.6,quan cam le
1650.0,100.0,16.5,5.0,20.0,quan ngu hanh son
2800.0,88.0,31.82,5.0,20.0,quan lien chieu
1100.0,92.0,11.96,5.0,18.0,huyen hoa vang
7600.0,150.0,50.67,10.0,18.0,quan son tra
3400.0,100.0,34.0,5.0,20.0,quan cam le
2730.0,100.0,27.3,5.0,20.0,quan cam le
2550.0,143.0,17.83,5.0,28.0,quan ngu hanh son
1570.0,95.0,16.53,7.5,15.0,quan lien chieu
3450.0,100.0,34.5,5.0,20.0,quan cam le
2200.0,92.0,23.91,5.0,18.4,quan lien chieu
2350.0,76.0,30.92,7.0,10.0,quan hai chau
1500.0,300.0,5.0,10.0,30.0,huyen hoa vang
4550.0,105.0,43.33,5.0,21.0,quan lien chieu
3050.0,55.0,55.45,5.0,11.0,quan hai chau
350.0,100.0,3.5,5.0,10.0,huyen hoa vang
3050.0,55.0,55.45,5.0,11.0,quan hai chau
487.0,128.0,3.8,5.0,22.0,huyen hoa vang
1530.0,83.0,18.43,4.12,22.0,quan lien chieu
890.0,218.0,4.08,5.0,41.0,huyen hoa vang
524.0,116.0,4.52,5.0,23.0,huyen hoa vang
692.0,171.0,4.05,5.3,32.0,huyen hoa vang
3450.0,100.0,34.5,5.0,20.0,quan cam le
3700.0,138.0,26.81,4.0,33.0,quan son tra
2760.0,100.0,27.6,5.0,20.0,quan cam le
3700.0,108.0,34.26,6.0,18.0,quan ngu hanh son
3700.0,108.0,34.26,6.0,18.0,quan ngu hanh son
3700.0,108.0,34.26,6.0,18.0,quan ngu hanh son
392.0,125.0,3.14,6.0,18.0,huyen hoa vang
3050.0,55.0,55.45,5.0,11.0,quan hai chau
2000.0,66.0,30.3,11.0,11.0,quan thanh khe
3050.0,55.0,55.45,5.0,11.0,quan hai chau
1680.0,50.0,33.6,3.82,12.0,quan thanh khe
2380.0,100.0,23.8,7.0,24.0,quan ngu hanh son
390.0,170.0,2.29,6.0,30.0,huyen hoa vang
2350.0,75.0,31.33,6.0,30.0,quan lien chieu
420.0,150.0,2.8,5.0,30.0,huyen hoa vang
1490.0,71.0,20.99,5.0,30.0,quan lien chieu
4600.0,100.0,46.0,5.0,20.0,quan ngu hanh son
1600.0,60.0,26.67,5.0,20.0,quan lien chieu
3700.0,110.0,33.64,5.0,20.0,quan hai chau
2942.0,152.0,19.36,8.0,20.0,quan ngu hanh son
2900.0,108.0,26.85,6.0,18.0,quan ngu hanh son
2950.0,100.0,29.5,6.0,18.0,quan ngu hanh son
699.0,170.0,4.11,5.0,34.0,huyen hoa vang
5200.0,100.0,52.0,5.0,20.0,quan cam le
2890.0,152.0,19.01,8.0,20.0,quan ngu hanh son
2750.0,100.0,27.5,5.0,20.0,quan cam le
2760.0,100.0,27.6,5.0,20.0,quan cam le
3650.0,100.0,36.5,5.0,20.0,quan ngu hanh son
2950.0,152.0,19.41,6.72,20.0,quan ngu hanh son
3250.0,105.0,30.95,5.0,21.0,quan lien chieu
395.0,96.0,4.11,5.0,19.0,huyen hoa vang
3050.0,108.0,28.24,6.0,18.0,quan ngu hanh son
900.0,100.0,9.0,5.0,20.0,huyen hoa vang
520.0,95.0,5.47,5.0,19.0,huyen hoa vang
391.0,101.0,3.87,5.0,20.0,huyen hoa vang
392.0,102.0,3.84,5.0,20.0,huyen hoa vang
1800.0,85.0,21.18,5.0,17.0,quan ngu hanh son
2900.0,82.0,35.37,5.0,17.0,quan cam le
3250.0,72.0,45.14,4.0,18.0,quan son tra
3500.0,90.0,38.89,6.0,15.0,quan ngu hanh son
391.0,95.0,4.12,5.0,19.0,huyen hoa vang
2850.0,100.0,28.5,5.0,20.0,quan ngu hanh son
2850.0,75.0,38.0,4.25,20.0,quan lien chieu
392.0,96.0,4.08,5.0,19.0,huyen hoa vang
1398.0,100.0,13.98,5.0,20.0,quan cam le
2800.0,100.0,28.0,5.0,20.0,quan ngu hanh son
2250.0,50.3,45.0,5.3,9.4,quan hai chau
1700.0,105.0,16.19,5.0,21.0,quan ngu hanh son
3650.0,100.0,36.5,5.0,21.0,quan ngu hanh son
2650.0,100.0,26.5,5.0,20.0,quan ngu hanh son
1550.0,100.0,15.5,5.0,20.0,huyen hoa vang
2750.0,80.0,34.38,5.0,15.0,quan lien chieu
1650.0,100.0,16.5,5.0,20.0,quan ngu hanh son
1130.0,103.0,10.97,5.0,20.0,huyen hoa vang
1590.0,88.0,18.07,4.0,22.0,quan ngu hanh son
2200.0,150.0,14.67,6.0,23.0,quan cam le
1650.0,100.0,16.5,6.0,23.0,quan ngu hanh son
1900.0,67.5,28.36,4.5,23.0,quan lien chieu
500.0,330.0,1.52,5.0,33.0,huyen hoa vang
596.0,105.0,5.68,5.0,21.0,huyen hoa vang
3050.0,56.0,54.46,5.0,21.0,quan hai chau
1750.0,100.0,17.5,5.0,20.0,quan ngu hanh son
1590.0,61.0,26.07,4.25,15.0,quan lien chieu
1940.0,180.0,10.78,6.0,30.0,huyen hoa vang
3400.0,115.0,29.57,5.0,23.0,quan lien chieu
8800.0,95.0,92.63,6.0,16.0,quan son tra
3650.0,100.0,36.5,5.0,20.0,quan cam le
2500.0,100.0,25.0,5.0,20.0,quan cam le
3750.0,90.0,41.67,5.0,18.0,quan ngu hanh son
530.0,100.0,5.3,5.0,20.0,huyen hoa vang
5100.0,152.8,33.55,7.1,21.7,quan ngu hanh son
1550.0,70.0,22.14,4.5,21.7,quan lien chieu
2300.0,59.4,38.98,3.53,21.7,quan thanh khe
3500.0,130.0,26.92,6.5,21.0,quan lien chieu
3450.0,100.0,34.5,5.0,20.0,quan cam le
980.0,231.0,4.24,14.0,17.85,huyen hoa vang
6900.0,150.0,46.0,10.0,15.0,quan son tra
2850.0,75.0,38.0,4.25,40.0,quan lien chieu
2660.0,75.0,35.47,5.0,40.0,quan lien chieu
4500.0,90.0,50.0,5.0,18.0,quan ngu hanh son
1530.0,83.0,18.43,4.2,19.761904761904763,quan lien chieu
1570.0,150.0,10.466666666666667,5.0,30.0,huyen hoa vang
2150.0,55.0,39.09,13.0,30.0,quan thanh khe
5600.0,100.0,56.0,5.0,20.0,quan hai chau
3300.0,75.0,44.0,5.0,15.0,quan lien chieu
2900.0,100.0,29.0,5.0,20.0,quan cam le
2170.0,80.0,27.13,4.0,18.0,quan cam le
1950.0,100.0,19.5,5.0,20.0,quan lien chieu
8400.0,100.0,84.0,10.0,10.0,quan son tra
2900.0,100.0,29.0,5.0,20.0,quan cam le
10000.0,86.8,116.28,5.0,20.0,quan son tra
2000.0,125.0,16.0,5.0,25.0,quan lien chieu
1300.0,80.0,16.25,4.0,20.0,quan lien chieu
2750.0,90.0,30.56,6.0,15.0,quan cam le
3300.0,69.0,47.83,4.8,15.0,quan son tra
500.0,121.0,4.13,4.8,15.0,huyen hoa vang
2900.0,100.0,29.0,5.0,20.0,quan ngu hanh son
5600.0,100.0,56.0,5.0,20.0,quan hai chau
3700.0,90.0,41.11,5.0,18.0,quan ngu hanh son
7020.0,90.0,78.0,5.0,18.0,quan son tra
2550.0,100.0,25.5,5.0,20.0,quan lien chieu
2300.0,97.0,23.71,5.0,19.0,quan lien chieu
4480.0,90.0,49.78,5.0,18.0,quan ngu hanh son
1150.0,110.0,10.45,5.0,21.0,huyen hoa vang
2760.0,100.0,27.6,5.0,20.0,quan cam le
3150.0,108.0,29.17,6.0,18.0,quan ngu hanh son
8600.0,124.0,69.35,6.0,20.0,quan son tra
3000.0,100.0,30.0,5.0,20.0,quan ngu hanh son
2650.0,80.0,33.13,5.0,16.0,quan lien chieu
2950.0,100.0,29.5,5.0,20.0,quan cam le
3100.0,109.0,28.44,6.0,16.0,quan cam le
3280.0,100.0,32.8,5.0,20.0,quan cam le
3800.0,100.0,38.0,5.0,20.0,quan cam le
2900.0,100.0,29.0,5.0,20.0,quan cam le
1900.0,67.5,28.36,4.5,20.0,quan lien chieu
2400.0,100.0,24.0,5.0,20.0,quan ngu hanh son
7500.0,94.0,79.79,5.5,17.3,quan son tra
1350.0,150.0,9.0,6.0,25.0,huyen hoa vang
2700.0,113.0,23.89,5.0,22.0,quan cam le
2050.0,100.0,20.5,5.0,22.0,quan lien chieu
2550.0,90.0,28.33,4.5,22.0,quan lien chieu
2900.0,100.0,29.0,4.5,22.0,quan cam le
2490.0,117.0,21.28,5.0,23.0,quan cam le
1400.0,110.0,12.73,5.0,22.0,quan cam le
2750.0,100.0,27.5,5.0,20.0,quan cam le
3630.0,100.0,36.3,5.0,20.0,quan cam le
2380.0,100.0,23.8,5.0,20.0,quan cam le
3050.0,99.0,30.81,5.0,19.0,quan ngu hanh son
810.0,100.0,8.1,5.0,19.0,quan hai chau
8500.0,102.0,83.33,5.0,20.0,quan son tra
1200.0,100.0,12.0,5.0,20.0,quan cam le
2350.0,75.6,31.33,7.0,13.7,quan hai chau
8700.0,220.0,39.55,10.0,22.0,quan son tra
2350.0,100.0,23.5,5.0,20.0,quan cam le
6000.0,100.0,60.0,5.0,20.0,quan hai chau
2100.0,80.0,26.25,5.0,20.0,quan cam le
1000.0,100.0,10.0,5.0,20.0,quan lien chieu
2350.0,46.0,51.09,5.0,9.0,quan hai chau
2870.0,100.0,28.7,5.0,20.0,quan ngu hanh son
3450.0,100.0,34.5,5.0,20.0,quan cam le
2500.0,98.5,25.51,5.0,19.7,quan cam le
4000.0,250.0,16.0,12.0,18.0,quan son tra
3600.0,153.0,23.53,8.0,20.0,quan ngu hanh son
3250.0,120.0,27.08,5.0,24.0,quan cam le
3450.0,100.0,34.5,5.0,20.0,quan cam le
2750.0,100.0,27.5,5.0,20.0,quan ngu hanh son
4700.0,100.0,47.0,5.0,20.0,quan ngu hanh son
1650.0,290.0,5.69,10.0,29.0,huyen hoa vang
1720.0,60.0,28.67,3.1,20.0,quan thanh khe
2640.0,100.0,26.4,5.0,20.0,quan ngu hanh son
3600.0,105.0,34.29,5.0,20.0,quan lien chieu
3350.0,100.0,33.5,5.0,20.0,quan cam le
3050.0,100.0,30.5,5.0,20.0,quan ngu hanh son
3150.0,90.0,35.0,6.0,20.0,quan ngu hanh son
1550.0,111.0,13.96,5.0,21.0,quan lien chieu
3900.0,99.9,39.39,5.8,20.0,quan ngu hanh son
3350.0,100.0,33.5,5.0,20.0,quan cam le
2100.0,105.0,20.0,5.0,21.0,quan lien chieu
1762.0,105.0,16.78,5.0,21.0,quan ngu hanh son
1440.0,70.0,20.57,4.0,20.0,quan lien chieu
3550.0,100.0,35.5,5.0,20.0,quan cam le
2600.0,87.0,29.89,4.0,18.0,quan ngu hanh son
2320.0,100.0,23.2,5.0,20.0,quan ngu hanh son
3050.0,55.0,55.45,5.0,11.0,quan hai chau
1650.0,60.0,27.5,5.0,12.0,quan lien chieu
3450.0,100.0,34.5,5.0,20.0,quan cam le
2450.0,105.0,23.33,5.0,21.0,quan cam le
2350.0,123.9,19.11,5.16,23.0,quan lien chieu
2600.0,102.0,25.49,6.0,23.0,quan ngu hanh son
6200.0,120.0,51.67,5.0,24.0,quan son tra
1700.0,105.0,16.19,5.0,21.0,quan ngu hanh son
3100.0,110.0,28.18,5.0,22.0,quan ngu hanh son
2780.0,106.0,26.23,5.0,20.0,quan cam le
2900.0,100.0,29.0,5.0,20.0,quan cam le
2050.0,65.0,31.54,4.0,16.0,quan thanh khe
2250.0,76.0,29.61,4.5,16.0,quan lien chieu
3450.0,100.0,34.5,5.0,20.0,quan cam le
3490.0,100.0,34.9,5.0,20.0,quan cam le
3400.0,100.0,34.0,5.0,20.0,quan cam le
3100.0,81.0,38.27,4.5,18.0,quan lien chieu
2650.0,80.0,33.13,5.0,16.0,quan cam le
500.0,100.0,5.0,20.0,53.0,huyen hoa vang
2380.0,100.0,23.8,5.0,20.0,quan ngu hanh son
1200.0,120.0,10.0,7.0,17.0,huyen hoa vang
4000.0,132.0,30.3,7.5,17.6,quan ngu hanh son
1250.0,70.0,17.86,4.0,17.0,quan lien chieu
2900.0,100.0,29.0,5.0,20.0,quan cam le
4100.0,100.0,41.0,5.0,20.0,quan cam le
2800.0,90.0,31.11,5.0,18.0,quan cam le
2950.0,80.0,36.88,12.0,28.0,quan lien chieu
4500.0,90.0,50.0,5.0,18.0,quan ngu hanh son
2500.0,50.0,50.0,4.0,12.5,quan son tra
3020.0,100.0,30.2,5.0,20.0,quan cam le
4300.0,75.0,57.33,5.0,15.0,quan hai chau
2900.0,100.0,29.0,5.0,20.0,quan cam le
2900.0,152.0,19.08,8.0,20.0,quan ngu hanh son
2650.0,100.0,26.5,5.0,20.0,quan cam le
2350.0,76.0,30.92,7.0,13.7,quan hai chau
3220.0,105.0,30.67,5.0,21.0,quan lien chieu
2050.0,72.0,28.47,5.0,21.0,quan cam le
7500.0,150.0,50.0,7.5,20.0,quan son tra
1000.0,120.0,8.33,6.0,20.0,huyen hoa vang
3600.0,125.0,28.8,5.0,25.0,quan lien chieu
3280.0,96.3,34.17,5.0,19.0,quan cam le
3500.0,100.0,35.0,5.0,20.0,quan cam le
5200.0,77.6,67.53,5.0,20.0,quan thanh khe
4300.0,141.0,30.5,5.0,21.0,quan son tra
2600.0,87.0,29.89,4.0,18.0,quan ngu hanh son
2200.0,149.0,14.77,6.4,18.0,huyen hoa vang
1570.0,60.0,26.17,4.5,14.5,quan lien chieu
15500.0,200.0,77.5,10.0,20.0,quan son tra
2600.0,74.0,35.14,5.0,15.0,quan cam le
2220.0,100.0,22.2,5.0,20.0,quan lien chieu
2870.0,100.0,28.7,5.0,20.0,quan ngu hanh son
670.0,100.0,6.7,5.0,20.0,huyen hoa vang
3500.0,104.0,33.65,5.0,21.0,quan ngu hanh son
1680.0,50.0,33.6,5.0,10.0,quan thanh khe
3360.0,120.0,28.0,5.0,10.0,quan lien chieu
2300.0,109.0,21.1,5.0,22.0,quan cam le
3550.0,85.0,41.76,5.0,17.0,quan lien chieu
1200.0,100.0,12.0,5.0,20.0,huyen hoa vang
3800.0,90.0,42.22,5.0,18.0,quan ngu hanh son
1670.0,60.0,27.83,5.0,12.0,quan lien chieu
3100.0,143.0,21.68,5.0,28.6,quan hai chau
1950.0,128.0,15.23,4.8,27.0,quan lien chieu
1900.0,67.5,28.36,4.5,15.0,quan lien chieu
1490.0,70.0,21.29,3.0,23.0,quan lien chieu
2400.0,68.9,35.29,4.5,15.3,quan lien chieu
8800.0,220.0,40.0,10.0,22.0,quan son tra
2300.0,100.0,23.0,5.0,20.0,quan ngu hanh son
4300.0,142.0,30.28,5.0,28.0,quan son tra
3150.0,105.0,30.0,5.0,21.0,quan ngu hanh son
1300.0,80.0,16.25,5.0,21.0,quan lien chieu
2250.0,76.0,29.61,4.0,16.0,quan lien chieu
2380.0,100.0,23.8,5.0,20.0,quan cam le
1400.0,182.0,7.69,5.0,20.0,huyen hoa vang
2600.0,75.0,34.67,5.0,15.0,quan lien chieu
2500.0,68.0,36.76,4.0,17.0,quan son tra
489.0,199.0,2.46,5.0,22.0,huyen hoa vang
1000.0,70.0,14.29,5.0,22.0,quan ngu hanh son
4400.0,100.0,44.0,5.0,20.0,quan cam le
1700.0,100.0,17.0,5.0,20.0,quan ngu hanh son
3100.0,111.0,27.93,6.0,18.5,quan ngu hanh son
1900.0,125.0,15.2,5.0,25.0,quan lien chieu
7500.0,94.0,79.79,5.0,17.0,quan son tra
1800.0,100.0,18.0,5.0,20.0,huyen hoa vang
3400.0,105.0,32.38,5.0,20.0,quan cam le
5600.0,138.0,40.58,7.0,20.0,quan ngu hanh son
2520.0,125.0,20.16,5.0,25.0,quan cam le
1530.0,83.0,18.43,4.12,25.0,quan lien chieu
10000.0,250.0,40.0,12.0,20.0,quan son tra
2050.0,100.0,20.5,5.0,20.0,quan lien chieu
7300.0,95.0,76.84,5.0,19.0,quan son tra
3900.0,145.0,26.9,9.0,17.0,quan ngu hanh son
4650.0,100.0,46.5,5.0,20.0,quan ngu hanh son
3600.0,85.0,42.35,5.0,17.0,quan lien chieu
2650.0,80.0,33.13,5.0,16.0,quan cam le
2550.0,90.0,28.33,4.5,20.0,quan lien chieu
5350.0,95.0,56.32,5.0,19.0,quan ngu hanh son
3800.0,100.0,38.0,5.0,20.0,quan ngu hanh son
520.0,300.0,1.73,15.0,20.0,huyen hoa vang
3600.0,105.0,34.29,5.0,20.0,quan ngu hanh son
680.0,200.0,3.4,6.0,33.0,huyen hoa vang
3650.0,100.0,36.5,5.0,20.0,quan cam le
4100.0,100.0,41.0,5.0,20.0,quan cam le
4100.0,90.0,45.56,5.0,18.0,quan ngu hanh son
2000.0,100.0,20.0,5.0,20.0,quan ngu hanh son
2890.0,127.0,22.76,5.0,20.0,quan cam le
3500.0,100.0,35.0,5.0,20.0,quan cam le
785.0,105.0,7.48,5.0,21.0,quan ngu hanh son
8900.0,175.0,50.86,7.0,26.0,quan son tra
2392.0,100.0,23.92,5.0,20.0,quan cam le
700.0,100.0,7.0,5.0,20.0,huyen hoa vang
4500.0,100.0,45.0,5.0,20.0,quan cam le
2500.0,77.0,32.47,7.0,20.0,quan hai chau
2600.0,87.0,29.89,5.0,17.0,quan ngu hanh son
2850.0,100.0,28.5,5.0,20.0,quan lien chieu
401.0,145.0,2.77,5.0,29.0,huyen hoa vang
3500.0,100.0,35.0,5.0,20.0,quan cam le
3300.0,131.0,25.19,5.0,20.0,quan cam le
2700.0,107.0,25.23,5.0,20.0,quan cam le
530.0,120.0,4.42,5.2,25.0,huyen hoa vang
2850.0,75.0,38.0,4.25,25.0,quan lien chieu
4900.0,122.5,40.16,5.0,24.5,quan son tra
1530.0,83.0,18.43,4.12,24.5,quan lien chieu
1200.0,300.0,4.0,11.0,28.0,huyen hoa vang
1740.0,109.0,15.96,5.0,22.0,huyen hoa vang
3820.0,108.0,35.37,6.0,18.0,quan ngu hanh son
3800.0,150.0,25.33,6.0,18.0,quan cam le
1450.0,80.0,18.13,6.0,18.0,quan cam le
4000.0,95.0,42.11,5.0,19.0,quan ngu hanh son
1900.0,100.0,19.0,5.0,20.0,quan lien chieu
1550.0,70.0,22.14,4.5,15.555555555555555,quan lien chieu
1845.0,98.0,18.83,6.0,17.0,quan lien chieu
1190.0,91.2,13.08,6.2,14.7,quan ngu hanh son
392.0,100.0,3.92,5.0,20.0,huyen hoa vang
3150.0,105.0,30.0,5.0,20.5,quan ngu hanh son
1750.0,107.0,16.36,5.0,21.0,quan cam le
1530.0,100.0,15.3,5.0,20.0,quan lien chieu
3500.0,81.0,43.21,5.0,20.0,quan thanh khe
3450.0,107.0,32.24,5.0,21.0,quan lien chieu
3270.0,100.0,32.7,5.0,20.0,quan cam le
1999.999999,105.0,19.05,5.0,21.0,quan lien chieu
3200.0,95.0,33.68,5.0,19.0,quan lien chieu
1900.0,68.0,27.94,5.0,21.0,quan lien chieu
2990.0,65.0,46.0,5.0,21.0,quan son tra
1750.0,68.0,25.74,5.0,21.0,quan lien chieu
1000.0,350.0,2.86,7.0,50.0,huyen hoa vang
3450.0,100.0,34.5,5.0,20.0,quan cam le
7000.0,80.0,87.5,5.0,16.0,quan son tra
2940.0,90.0,32.67,5.0,16.0,quan lien chieu
3900.0,110.0,35.45454545454545,7.5,15.0,quan ngu hanh son
800.0,200.0,4.0,7.5,15.0,huyen hoa vang
2050.0,100.0,20.5,5.0,15.0,quan lien chieu
1800.0,100.0,18.0,5.0,20.0,quan ngu hanh son
1700.0,100.0,17.0,5.0,20.0,huyen hoa vang
2860.0,105.0,27.24,5.0,21.0,quan ngu hanh son
770.0,106.0,7.26,6.0,21.0,huyen hoa vang
680.0,130.0,5.23,5.25,25.0,huyen hoa vang
550.0,101.0,5.45,5.5,20.0,huyen hoa vang
1650.0,70.0,23.57,4.0,17.0,quan cam le
1840.0,100.0,18.4,5.0,20.0,quan ngu hanh son
2600.0,75.0,34.67,5.0,20.0,quan lien chieu
1999.999,145.0,13.79,8.0,16.0,quan ngu hanh son
3500.0,110.0,31.82,5.0,22.0,quan ngu hanh son
1300.0,105.0,12.38,5.0,21.0,quan ngu hanh son
