SalePrice,Area,Price/m2,Width,Length,Location
3400.0,100,34.0,5,20,quan cam le
1600.0,100,16.0,5,20,quan cam le
2720.0,106.7,25.66,5,20,quan cam le
2100.0,80,26.25,4,20,quan cam le
1850.0,98,18.88,6.5,15.1,quan ngu hanh son
2500.0,100,25.0,5,20,quan cam le
2350.0,90,26.11,5,18,quan cam le
3450.0,100,34.5,5,20,quan cam le
2590.0,100,25.9,5,20,quan cam le
3890.0,80,48.63,5,17,quan thanh khe
880.0,920,0.000956521,30,33,huyen hoa vang
4750.0,100,47.5,5,20,quan cam le
9100.0,85,107.06,5,17,quan ngu hanh son
800.0,105,7.62,5,21,quan ngu hanh son
1600.0,9500,0.000168421,70,100,huyen hoa vang
1150.0,78,14.74,6,13,quan ngu hanh son
1720.0,60,28.67,6,13,quan thanh khe
2690.0,90,29.89,45,20,quan ngu hanh son
2450.0,90,27.22,5,19,quan cam le
3280.0,96,34.17,5,19,quan cam le
13500.0,208,64.9,26,8,quan ngu hanh son
6500.0,65,100.0,4.5,15,quan thanh khe
7500.0,113,66.37,5,22,quan hai chau
3550.0,100,35.5,5,20,quan cam le
1100.0,75,14.67,5,15,quan ngu hanh son
2830.0,110,25.73,5,22,quan ngu hanh son
14900.0,100,149.0,5,2,quan ngu hanh son
1500.0,100,15.0,5,20,huyen hoa vang
2550.0,90,28.33,5,20,quan lien chieu
2850.0,100,28.5,5,20,quan ngu hanh son
3000.0,100,30.0,5,20,huyen hoa vang
2200.0,70,31.43,10,7,quan son tra
3400.0,75,45.33,5,15,quan son tra
1350.0,65,20.77,5,15,quan lien chieu
2550.0,100,25.5,5,20,quan cam le
1100.0,102,10.78,5,20,huyen hoa vang
1900.0,144,13.19,6,24,huyen hoa vang
6990.0,140,49.93,8,16,quan cam le
3550.0,106,33.49,6,18,quan ngu hanh son
2040.0,81,25.19,6,18,quan lien chieu
2100.0,52.6,40.38,4.2,13,quan son tra
1850.0,540,3.43,10,54,huyen hoa vang
2450.0,100,24.5,10,54,quan lien chieu
4850.0,100,48.5,5,20,quan ngu hanh son
3400.0,100,34.0,5,20,quan cam le
2350.0,100,23.5,5,20,quan ngu hanh son
1744.0,105,16.61,5,21,quan ngu hanh son
2900.0,100,29.0,5,20,quan cam le
2050.0,68,30.15,4.5,15,quan lien chieu
2690.0,100,26.9,5,20,quan cam le
3600.0,100,36.0,5,20,quan lien chieu
2550.0,100,25.5,5,20,quan cam le
2400.0,100,24.0,5,20,quan cam le
2450.0,100,24.5,5,20,quan cam le
6500.0,125,52.0,5,25,quan cam le
525.0,100,5.25,5,20,huyen hoa vang
1200.0,90,13.33,5,18,quan ngu hanh son
2250.0,100,22.5,5,18,quan lien chieu
11800.0,102.6,115.69,5.4,19,quan son tra
2650.0,100,26.5,5,20,quan cam le
5000.0,500,10.0,,,huyen hoa vang
2600.0,121,21.49,6,20,quan lien chieu
2550.0,116,21.98,5,23,quan cam le
1350.0,925,1.46,14,68,huyen hoa vang
5500.0,154,35.71,7.7,20,quan cam le
1870.0,98,19.08,6,17,quan lien chieu
11500.0,250,46.0,10,25,quan cam le
5700.0,145,39.31,5,23,quan cam le
3300.0,150,22.0,7.7,20,quan cam le
2520.0,105,24.0,5,21,quan cam le
2900.0,100,29.0,5,20,quan cam le
1900.0,80,23.75,5,16,quan lien chieu
2499.0,100,24.99,5,20,quan cam le
4100.0,118,34.75,5,23.5,quan son tra
3450.0,100,34.5,5,20,quan cam le
6300.0,65,96.92,4.5,14.3,quan thanh khe
1750.0,104,16.83,4.2,25,quan cam le
2250.0,100,22.5,4.2,25,quan lien chieu
3050.0,95,32.11,5,19,quan cam le
6000.0,100,60.0,5,20,quan son tra
6500.0,150,43.33,10,15,quan son tra
2800.0,82,34.15,5,15,quan cam le
795.0,142,5.6,6,23.6,huyen hoa vang
1600.0,100,16.0,6,23.6,quan lien chieu
1300.0,100,13.0,6,23.6,quan ngu hanh son
2860.0,100,28.6,5,20,quan cam le
900.0,150,6.0,5,30,huyen hoa vang
3300.0,100,33.0,5,20,quan cam le
4490.0,117.5,38.38,5,20,quan son tra
5400.0,130,41.54,5,26,quan cam le
750.0,403,1.86,15,25,huyen hoa vang
2599.0,100,25.99,5,20,quan cam le
2630.0,100,26.3,5,20,quan cam le
4150.0,100,41.5,5,20,quan cam le
1750.0,105,16.67,5,21,quan ngu hanh son
500.0,130,3.85,5,21,huyen hoa vang
2399.9990000000003,105,22.86,5,21,quan lien chieu
2300.0,125,18.4,5,25,quan lien chieu
1820.0,100,18.2,5,20,quan ngu hanh son
1550.0,100,15.5,5,20,quan lien chieu
1800.0,791,2.28,12,65,huyen hoa vang
2250.0,72,31.25,4,18,quan lien chieu
2089.0,108,19.34,5,21,quan ngu hanh son
3500.0,159,22.01,8.2,19,quan ngu hanh son
1200.0,450,2.67,13.5,37,huyen hoa vang
2170.0,100,21.7,13.5,37,quan lien chieu
3350.0,90,37.22,5,18,quan lien chieu
3350.0,100,33.5,5,20,quan cam le
1650.0,112,14.73,7,16,huyen hoa vang
2600.0,760,3.42,11.5,60,huyen hoa vang
1750.0,100,17.5,5,20,quan ngu hanh son
1150.0,100,11.5,5,20,huyen hoa vang
780.0,150,5.2,5,30,huyen hoa vang
2190.0,100,21.9,5,20,quan cam le
920.0,1060,0.000867924,25,50,huyen hoa vang
4612.0,112.5,41.18,5,22.5,quan cam le
3200.0,52,61.54,4.5,13,quan son tra
2350.0,100,23.5,5,20,huyen hoa vang
590.0,100,5.9,5,20,huyen hoa vang
1240.0,69,17.97,5,20,quan lien chieu
1900.0,97,19.59,4,24,quan lien chieu
1400.0,100,14.0,5,20,quan lien chieu
2100.0,90,23.33,5,18,quan lien chieu
25500.0,250,102.0,12.5,20,quan son tra
3200.0,100,32.0,5,20,quan ngu hanh son
3050.0,95,32.11,5,20,quan cam le
1870.0,100,18.7,5,20,huyen hoa vang
2600.0,120,21.67,5,24,quan lien chieu
4400.0,84,52.38,5,16,quan lien chieu
9350.0,164,57.01,8,20,quan cam le
599.0,102,5.87,6,17,huyen hoa vang
1250.0,98,12.76,7,14,huyen hoa vang
1.6,95,1.6842e-05,450,145,quan lien chieu
4200.0,109,38.53,5,21,quan ngu hanh son
1780.0,70,25.43,4.25,16.48,quan lien chieu
4399.999999000001,66,66.67,6,10,quan son tra
7800.0,176,44.32,785,20,quan cam le
6500.0,150,43.33,785,20,quan son tra
2150.0,62,34.68,3.12,20,quan hai chau
2570.0,100,25.7,5,20,quan ngu hanh son
1820.0,115,15.83,5,25,quan lien chieu
3200.0,100,32.0,5,20,quan ngu hanh son
2100.0,100,21.0,5,20,quan ngu hanh son
6000.0,209,28.71,10,22.1,quan cam le
2950.0,100,29.5,5,20,quan ngu hanh son
2350.0,115,20.43,5,23,quan lien chieu
482.0,120,4.02,6,20,huyen hoa vang
480.0,105,4.57,6,18,huyen hoa vang
3930.0,100,39.3,5,20,quan son tra
6700.0,136,49.26,6.8,20,quan lien chieu
1.87,100,1.87e-05,5,20,huyen hoa vang
2750.0,100,27.5,5,20,quan cam le
488.0,129,3.78,5,28,huyen hoa vang
1580.0,82,19.27,5,28,quan cam le
5050.0,72,70.14,6.5,11,quan thanh khe
2900.0,100,29.0,5,20,quan ngu hanh son
950.0,147,6.46,7,21,huyen hoa vang
4650.0,100,46.5,7,21,quan cam le
2050.0,100,20.5,5,20,quan lien chieu
1100.0,90,12.22,5,19,quan ngu hanh son
2350.0,100,23.5,5,20,quan cam le
1250.0,200,6.25,6.7,29,huyen hoa vang
5500.0,119,46.22,7,17,quan son tra
4200.0,76,55.26,5,15.33,quan thanh khe
3350.0,100,33.5,5,20,quan cam le
2790.0,100,27.9,5,20,quan cam le
1790.0,61,29.34,4.02,15,quan thanh khe
680.0,120,5.67,5,24,huyen hoa vang
2300.0,100,23.0,5,24,huyen hoa vang
2099.0,100,20.99,5,20,quan lien chieu
1720.0,60,28.67,3,20,quan thanh khe
4950.0,122,40.57,5,24.5,quan son tra
3350.0,80,41.88,4,24.5,quan lien chieu
2070.0,100,20.7,5,20,quan ngu hanh son
2900.0,100,29.0,5,20,quan ngu hanh son
3150.0,100,31.5,5,20,quan ngu hanh son
3800.0,82,46.34,5.18,18,quan son tra
1300.0,350,3.71,17,22,huyen hoa vang
3000.0,85,35.29,5,17,quan lien chieu
26000.0,498,52.21,24,20.75,quan cam le
2750.0,100,27.5,5,20,quan ngu hanh son
2600.0,75,34.67,5,15,quan lien chieu
3520.0,100,35.2,5,20,quan cam le
6600.0,125,52.8,5,25,quan ngu hanh son
16300.0,413,39.47,5,25,quan cam le
390.0,100,3.9,5,50,huyen hoa vang
3456.789123,100,34.57,5,20,quan cam le
40000.0,80000,0.0005,5,20,huyen hoa vang
3800.0,128,29.69,11,20,quan cam le
3600.0,100,36.0,5,20,quan cam le
1460.0,561.4,2.6,14.48,29.36,huyen hoa vang
646.0,143,4.52,5,26,huyen hoa vang
3180.0,101.3,31.49,6,16.88,quan ngu hanh son
3300.0,98,33.67,6,16.88,quan lien chieu
3460.0,100,34.6,5,20,quan cam le
2900.0,120,24.17,5,24,quan cam le
1350.0,99,13.64,4,25,quan cam le
30000.0,1700,17.65,17,43,quan cam le
19000.0,200,95.0,10,20,quan son tra
698.0,170,4.11,5,32,huyen hoa vang
27800.0,358,77.65,8,35,quan son tra
3649.0,100,36.49,5,20,quan cam le
3750.0,120,31.25,5,20,quan thanh khe
3350.0,100,33.5,5,20,quan cam le
350.0,105,3.33,5,21,quan ngu hanh son
1780.0,167,10.66,4,30,quan cam le
1950.0,57,34.21,4,30,quan son tra
2850.0,84.1,33.93,4.2,18,quan lien chieu
700.0,150,4.67,6,26.1,huyen hoa vang
800.0,105,7.62,5,21,quan ngu hanh son
3700.0,110,33.64,10,21,quan hai chau
3900.0,100,39.0,10,20,quan cam le
5900.0,91,64.84,6,15,quan son tra
3400.0,100,34.0,5,20,quan cam le
3250.0,85,38.24,5,17,quan son tra
3050.0,56,54.46,5,17,quan hai chau
2800.0,100,28.0,5,20,quan ngu hanh son
2700.0,75,36.0,5,15,quan lien chieu
3280.0,96,34.17,5,19,quan cam le
2900.0,90,32.22,5,18,quan lien chieu
5400.0,90,60.0,5,18,quan thanh khe
1200.0,125,9.6,5,25,huyen hoa vang
3100.0,110,28.18,5,22,quan cam le
11800.0,222,53.15,9,25,quan son tra
2350.0,95,24.74,5,25,quan ngu hanh son
3450.0,100,34.5,5,20,quan cam le
3100.0,110,28.18,5,22,quan cam le
6000.0,4500,1.33,5,22,huyen hoa vang
2000.0,66,30.3,4.5,12,quan thanh khe
3320.0,96,34.58,45,12,quan lien chieu
17.3,105,0.000164761,5,21,quan ngu hanh son
4450.0,100,44.5,5,20,quan cam le
1680.0,51,32.94,5,20,quan thanh khe
5200.0,153,33.99,7,20,quan ngu hanh son
3700.0,90,41.11,7,20,quan ngu hanh son
1400.0,100,14.0,7,20,quan ngu hanh son
3900.0,145,26.9,8.9,20,quan ngu hanh son
1800.0,64,28.13,4.5,14,quan lien chieu
2550.0,90,28.33,4.5,20,quan lien chieu
7000.0,125,56.0,5,25,quan ngu hanh son
2200.0,100,22.0,5,20,quan ngu hanh son
2550.0,100,25.5,5,20,quan cam le
25.0,606,4.1253999999999995e-05,19,31,quan ngu hanh son
5700.0,220,25.91,12,31,quan ngu hanh son
2730.0,100,27.3,5,20,quan ngu hanh son
3270.0,100,32.7,5,20,quan cam le
4200.0,109,38.53,5,21.5,quan ngu hanh son
29000.0,190,152.63,12,17,quan son tra
1160.0,86.4,13.49,5,18,quan ngu hanh son
1400.0,80,17.5,6,13,quan lien chieu
3100.0,1025,3.02,17,50,huyen hoa vang
3000.0,125,24.0,5,25,quan cam le
3270.0,100,32.7,5,20,quan cam le
1760.0,108,16.3,5,21,quan ngu hanh son
15900.0,173,91.91,830,21,quan son tra
2500.0,87,28.74,830,21,quan thanh khe
1250.0,119,10.5,7,17,huyen hoa vang
4150.0,137,30.29,5,27,quan cam le
25398.0,300,84.66,15,20,quan ngu hanh son
3300.0,100,33.0,5,20,quan cam le
17900.0,189,94.71,5,18,quan ngu hanh son
3300.0,100,33.0,5,18,quan cam le
203000.0,100,2.0299999999999996e-06,5,20,quan ngu hanh son
1300.0,70,18.57,5,20,quan lien chieu
831.6,100,8.32,6,17,quan ngu hanh son
2050.0,67.5,30.6,4.5,17,quan lien chieu
3550.0,100,35.5,5,20,quan cam le
2400.0,370,6.49,10,37,huyen hoa vang
1450.0,128,11.33,5,25.6,quan ngu hanh son
2600.0,60,43.33,3.7,17,quan son tra
3500.0,100,35.0,5,20,quan cam le
2650.0,96,27.6,6,16,quan ngu hanh son
4050.0,153,26.47,8,20,quan lien chieu
1690.0,60,28.17,4.85,13,quan lien chieu
2780.0,80,34.75,5.25,13.65,quan cam le
6500.0,191,34.03,7,27,quan lien chieu
2200.0,93,23.66,5,18,huyen hoa vang
4000.0,117.5,34.19,5,23.5,quan son tra
535.0,100,5.35,5,20,huyen hoa vang
4150.0,100,41.5,5,20,quan cam le
1800.0,147,12.24,24,7,quan cam le
2700.0,104,25.96,24,7,quan hai chau
3200.0,100,32.0,24,7,quan lien chieu
480.0,144,3.33,5,28,huyen hoa vang
550.0,125,4.4,5,25,huyen hoa vang
1762.0,105,16.78,5,21,quan ngu hanh son
3350.0,100,33.5,5,20,quan cam le
525.0,117,4.49,5,20,huyen hoa vang
1400.0,65,21.54,4,16,quan lien chieu
2790.0,152,18.36,8,19,quan ngu hanh son
2900.0,150,19.33,75,20,quan lien chieu
3450.0,72,47.92,4,20,quan son tra
890.0,148.5,6.01,5,29,huyen hoa vang
1700.0,105,16.19,5,29,quan ngu hanh son
3700.0,166,22.29,8,20,quan lien chieu
3750.0,100,37.5,5,20,quan cam le
520.0,100,5.2,5,20,huyen hoa vang
2750.0,131,20.99,8,17,quan cam le
3750.0,93,40.32,5,18.6,quan lien chieu
6600.0,66,100.0,5.15,12,quan hai chau
7500.0,310,24.19,,,quan ngu hanh son
2710.0,125,21.68,50,250,huyen hoa vang
4300.0,100,43.0,50,250,quan cam le
2300.0,50.5,46.0,4,13,quan thanh khe
3650.0,100,36.5,5,20,quan cam le
770.0,145,5.31,5,29,huyen hoa vang
2250.0,76.5,29.61,5,29,quan lien chieu
1700.0,100,17.0,5,20,huyen hoa vang
2400.0,109,22.02,5,21,quan cam le
2900.0,100,29.0,5,20,quan ngu hanh son
650.0,186,3.49,6,31,quan hai chau
640.0,120,5.33,5,20,huyen hoa vang
450.0,144,3.13,5,29,huyen hoa vang
1250.0,165,7.58,6,33,huyen hoa vang
3550.0,85,41.76,5,17,quan lien chieu
3100.0,110,28.18,5,22,quan ngu hanh son
300.0,5645,5.3144e-05,70,80,huyen hoa vang
1950.0,100,19.5,5,20,quan lien chieu
3300.0,136,24.26,7,20,quan cam le
500.0,130,3.846e-06,5.5,23,huyen hoa vang
4900.0,150,32.67,7,20,quan ngu hanh son
3200.0,100,32.0,5,20,quan lien chieu
26000.0,498,52.21,24,20.75,quan cam le
3500.0,90,38.89,6,15,quan ngu hanh son
2200.0,100,22.0,5,20,quan ngu hanh son
2450.0,91.5,26.92,5.1,18,quan ngu hanh son
2200.0,120,18.33,6,20,quan cam le
600.0,2400,0.00025,40,60,huyen hoa vang
2450.0,90,27.22,5,19,quan cam le
3050.0,56,54.46,5,19,quan hai chau
1930.0,100,19.3,5,20,quan lien chieu
1900.0,80,23.75,4.7,20,quan lien chieu
3000.0,100,30.0,5,20,quan ngu hanh son
2950.0,100,29.5,5,22,quan ngu hanh son
3450.0,64,53.91,5,22,quan thanh khe
9100.0,85,107.06,5,22,quan ngu hanh son
1400.0,85,16.47,5,17,quan ngu hanh son
2300.0,60,38.33,5,17,quan thanh khe
2.05,185,1.1081e-05,6,31,huyen hoa vang
800.0,1200,0.000666666,50,21,huyen hoa vang
3350.0,80,41.88,4,20,quan lien chieu
1490.0,195,7.64,7,28,huyen hoa vang
3400.0,945,3.6,16,60,huyen hoa vang
830.0,160,5.19,6,23,huyen hoa vang
1690.0,50,33.8,6,23,quan thanh khe
1530.0,83,18.43,4.2,23,quan lien chieu
2950.0,100,29.5,4.2,23,quan ngu hanh son
33000.0,770,42.86,28,27,quan lien chieu
2250.0,76,29.61,4.5,16.8,quan lien chieu
2200.0,100,22.0,4.5,16.8,quan ngu hanh son
1350.0,120,11.25,5,24,huyen hoa vang
8900.0,332,26.81,15,22,quan ngu hanh son
1200.0,135,8.89,8.58,15,huyen hoa vang
3850.0,211,18.25,8.4,25,quan lien chieu
1900.0,80,23.75,5,18,quan ngu hanh son
2350.0,50,47.0,63,8,quan son tra
3650.0,102,35.78,5,20.5,quan cam le
2600.0,78,33.33,5.6,13,quan son tra
2500.0,945,2.65,43,21,huyen hoa vang
7100.0,75,94.67,5,15,quan son tra
4150.0,137,30.29,5,26,quan cam le
2650.0,75,35.33,4.3,17.5,quan cam le
4150.0,121,34.3,4.3,17.5,quan cam le
3900.0,123,31.71,3,33,quan thanh khe
6500.0,119,54.62,5,23,quan ngu hanh son
1410.0,85,16.59,5,17,quan ngu hanh son
3100.0,366,8.47,6,60,quan lien chieu
9500.0,214,44.39,9,22,quan ngu hanh son
1320.0,100,13.2,4,25,quan cam le
1720.0,75,22.93,5,15,quan lien chieu
1200.0,328,3.66,10,32,huyen hoa vang
2950.0,100,29.5,5,20,quan ngu hanh son
3400.0,104,32.69,4.3,23,quan ngu hanh son
8700.0,112,77.68,7,18,quan son tra
6000.0,108,55.56,4.5,24,quan lien chieu
4100.0,112,36.61,5,21,quan lien chieu
2150.0,100,21.5,5,20,quan ngu hanh son
5000.0,105,47.62,5,21,quan lien chieu
2860.0,53,53.96,4,13.5,quan son tra
1000.0,150,6.67,5,30,huyen hoa vang
3150.0,81,38.89,,,quan lien chieu
15900.0,341,46.63,13.67,25,quan cam le
1400.0,98,14.29,5,19,quan ngu hanh son
3150.0,81,38.89,45,18,quan lien chieu
4150.0,137,30.29,5,26,quan cam le
3150.0,81,38.89,45,18,quan lien chieu
27.0,300,9e-05,15,20,quan ngu hanh son
2850.0,100,28.5,5,20,quan ngu hanh son
11400.0,200,57.0,10,20,quan ngu hanh son
2400.0,100,24.0,10,20,quan ngu hanh son
3560.0,120,29.67,10,20,quan lien chieu
34000.0,300,113.33,14,22,quan son tra
3280.0,100,32.8,5,20,quan cam le
11000.0,175,62.86,7.5,20,quan cam le
11800.0,102.6,115.69,5.4,19,quan son tra
2600.0,78,33.33,5.6,13.2,quan son tra
2440.0,100,24.4,5,20,quan cam le
105.0,375,0.00028,15,25,quan thanh khe
2600.0,75,34.67,5,25,quan lien chieu
3550.0,125,28.4,5,25,quan ngu hanh son
20000.0,200,100.0,7.2,28.5,quan hai chau
15000.0,100,150.0,5,20,quan son tra
4050.0,100,40.5,5,20,quan cam le
2950.0,100,29.5,5,20,quan ngu hanh son
4800.0,100,48.0,5,20,quan son tra
3200.0,352,9.09,9.4,36.5,huyen hoa vang
2550.0,90,28.33,4.5,20,quan lien chieu
720.0,132,5.45,5,27,huyen hoa vang
720.0,130,5.54,5,26,huyen hoa vang
15500.0,600,25.83,19,31,quan ngu hanh son
8000.0,259.2,30.89,12,22,quan ngu hanh son
6400.0,65,98.46,4.55,14,quan thanh khe
2800.0,80,35.0,5.25,14,quan cam le
7000.0,160,43.75,10,16,quan son tra
2200.0,150,14.67,6,22,huyen hoa vang
1.0,125,8e-06,5,25,huyen hoa vang
2500.0,100,25.0,5,20,quan ngu hanh son
3300.0,100,33.0,5,20,quan cam le
2900.0,90,32.22,5,18,quan lien chieu
3600.0,125,28.8,5,25,quan lien chieu
2050.0,68,30.15,4.5,15,quan lien chieu
2750.0,90.6,30.56,5,18,quan lien chieu
1370.0,70,19.57,5,14,quan lien chieu
3950.0,112,35.27,5,22,quan lien chieu
6200.0,174,35.63,6,22,quan cam le
1800.0,100,18.0,5,20,quan lien chieu
2750.0,106.7,25.94,5.68,20,quan cam le
15600.0,300,52.0,15,20,quan ngu hanh son
2180.0,62,35.16,6,20,quan thanh khe
1850.0,100,18.5,6,20,huyen hoa vang
1250.0,200,6.25,10,20,huyen hoa vang
2400.0,100,24.0,5,20,quan cam le
3687.0,295,12.5,10,29.5,quan ngu hanh son
3400.0,41,82.93,10,29.5,quan thanh khe
2700.0,105,25.71,5,20,quan ngu hanh son
15000.0,296.7,50.68,13.3,22.4,quan cam le
3100.0,110,28.18,5,22,quan cam le
2050.0,80,25.63,7,22,quan lien chieu
7000.0,125,56.0,5,25,quan cam le
2450.0,90,27.22,5,25,quan cam le
3650.0,100,36.5,5,20,quan cam le
2880.0,105,27.43,5,21,quan ngu hanh son
3520.0,100,35.2,5,20,quan cam le
3300.0,100,33.0,5,20,quan cam le
1490.0,71,20.99,5,20,quan lien chieu
1250.0,140,8.93,5,28,huyen hoa vang
4150.0,100,41.5,5,20,quan cam le
3350.0,90,37.22,5,18,quan lien chieu
68850.0,382,180.24,15,25,quan ngu hanh son
2790.0,152,18.36,8,19,quan ngu hanh son
3200.0,1648,1.94,30,50,huyen hoa vang
4050.0,115,35.22,5,23,quan cam le
2830.0,77,36.75,5,15,quan lien chieu
1.5,60,2.4983e-05,3,20,quan lien chieu
4050.0,100,40.5,3,20,quan cam le
5985.0,157.5,38.12,3,20,quan cam le
2900.0,100,29.0,5,20,quan cam le
1400.0,100,14.0,5,20,quan ngu hanh son
3300.0,100,33.0,5,20,quan cam le
2850.0,84.1,33.93,4.2,18,quan lien chieu
2434.0,100,24.34,5,20,quan ngu hanh son
14000.0,170,82.35,5,34,quan cam le
4050.0,100,40.5,5,20,quan cam le
4050.0,100,40.5,5,20,quan cam le
40000.0,329,121.58,13.5,24.4,quan ngu hanh son
3450.0,100,34.5,5,20,quan cam le
2816.0,100,34.5,5,20,quan cam le
13500.0,160,84.38,10,16,quan son tra
2200.0,81,27.16,10,18,quan cam le
2600.0,100,26.0,5,20,quan cam le
9300.0,85,109.41,5,17,quan ngu hanh son
3050.0,110,27.73,5,22,quan cam le
5600.0,100,56.0,5,20,quan lien chieu
2250.0,87.3,25.86,4.5,20,quan ngu hanh son
2420.0,100,24.2,5,20,quan ngu hanh son
1800.0,210,8.57,13,16,huyen hoa vang
2000.0,60,33.33,13,16,quan son tra
2300.0,90,25.56,5,18,quan ngu hanh son
5900.0,160,36.88,8,20,quan thanh khe
3800.0,100,38.0,6,20,quan thanh khe
1680.0,51,32.94,,,quan thanh khe
15000.0,135,111.11,6,23,quan son tra
1350.0,132,10.23,405,29,quan cam le
3320.0,65,51.08,3,18,quan son tra
3350.0,80.5,41.88,4,20,quan lien chieu
2270.0,97,23.4,5.5,17,quan lien chieu
2200.0,81,27.16,4,17,quan cam le
2960.0,100,29.6,5,20,quan cam le
3.2,105,3.0466000000000003e-05,5,21,quan ngu hanh son
1763.0,125,14.1,5,21,quan ngu hanh son
3450.0,100,34.5,5,20,quan cam le
2050.0,100,20.5,5,20,quan lien chieu
2600.0,100,26.0,5,20,quan cam le
2200.0,97,22.68,5,20,quan ngu hanh son
3750.0,89,42.13,5,20,quan thanh khe
1450.0,100,14.5,5,20,huyen hoa vang
2900.0,110,26.36,5,22,quan ngu hanh son
32.0,340,9.411700000000001e-05,14,24,quan ngu hanh son
2450.0,100,24.5,5,20,quan cam le
2020.0,100,20.2,5,20,quan lien chieu
2150.0,100,21.5,5,20,quan ngu hanh son
10200.0,300,34.0,5,20,quan cam le
2400.0,62,38.71,4.2,15.5,quan son tra
2850.0,74,38.51,4.2,15.5,quan lien chieu
2900.0,108,26.85,6,18,quan ngu hanh son
2820.0,72,39.17,6,18,quan lien chieu
2.0,100,2e-05,6,18,quan lien chieu
525.0,144,3.65,5,29,huyen hoa vang
2200.0,147,14.97,8,20,quan ngu hanh son
3300.0,100,33.0,5,20,quan cam le
1050.0,120,8.75,6,20,huyen hoa vang
4000.0,90,44.44,5,20,quan son tra
4400.0,100,44.0,5,20,quan cam le
3990.0,99,40.3,5,20,quan ngu hanh son
11000.0,300,36.67,12,25,quan cam le
698.0,170,4.11,5.3,32,huyen hoa vang
3400.0,100,34.0,5,20,quan cam le
4050.0,100,40.5,5,20,quan cam le
4500.0,100,45.0,5,20,quan cam le
8500.0,102,83.33,5,20,quan son tra
4200.0,76,55.26,,,quan thanh khe
387.0,108,3.58,5.21,20,huyen hoa vang
2400.0,105,22.86,5,21,quan lien chieu
2750.0,90,30.56,6,15,quan cam le
388.0,104,3.73,5,20,huyen hoa vang
13500.0,160,84.38,10,16,quan son tra
2100.0,52.6,40.38,4.2,12.52,quan son tra
3550.0,100,35.5,5,10,quan cam le
4050.0,100,40.5,5,20,quan cam le
4400.0,100,44.0,5,20,quan ngu hanh son
3500.0,100,35.0,5,20,quan cam le
10200.0,300,34.0,12,25,quan cam le
2550.0,90,28.33,4.5,25,quan lien chieu
1700.0,70,24.29,6,25,quan lien chieu
1410.0,85,16.59,5,17,quan ngu hanh son
3650.0,100,36.5,5,20,quan cam le
1330.0,65,20.46,5,20,quan lien chieu
2900.0,100,29.0,5,20,quan cam le
1870.0,61,30.66,5,12,quan cam le
12000.0,214,56.07,10,40,quan cam le
4100.0,100,41.0,5,20,quan cam le
2950.0,105,28.1,5,21,quan ngu hanh son
5100.0,100,51.0,5,21,quan ngu hanh son
2400.0,100,24.0,5,20,huyen hoa vang
1200.0,1140,1.05,37,20,huyen hoa vang
3400.0,100,34.0,5,10,quan cam le
4180.0,100,41.8,5,20,quan cam le
2300.0,110,20.91,4.7,22,quan cam le
2590.0,100,25.9,5,20,quan cam le
19000.0,343,55.39,5,20,quan ngu hanh son
1650.0,100,16.5,5,20,quan ngu hanh son
1350.0,150,9.0,6,25,huyen hoa vang
4050.0,100,40.5,5,20,quan cam le
4050.0,100,40.5,5,20,quan cam le
5900.0,157,37.58,5.29,32,quan cam le
520.0,100,5.2,5,20,huyen hoa vang
2600.0,75,34.67,5,15,quan lien chieu
5600.0,122.5,45.9,5,24.5,quan cam le
2550.0,90,28.33,5,18,quan lien chieu
1850.0,440,4.2,17,26,quan lien chieu
1390.0,150,9.27,,,huyen hoa vang
2320.0,100,23.2,5,20,quan cam le
8800.0,220,40.0,10,22,quan son tra
2222.2219999999998,100,22.22,5,20,quan ngu hanh son
1400.0,100,14.0,5,20,quan ngu hanh son
2380.0,100,23.8,5,20,quan ngu hanh son
4600.0,100.5,46.0,5,20.5,quan ngu hanh son
1350.0,65,20.77,5,12,quan lien chieu
2760.0,106,26.04,5,22,quan cam le
524.0,100,5.24,5,22,huyen hoa vang
2050.0,95,21.58,5,19,quan lien chieu
3550.0,151,23.51,8,17,quan cam le
2100.0,100,21.0,5,20,quan lien chieu
3000.0,100,30.0,5,20,quan ngu hanh son
1410.0,62,22.74,7,9,quan lien chieu
5200.0,153,33.99,7,9,quan ngu hanh son
3520.0,100,35.2,5,20,quan cam le
6700.0,266.5,25.19,10,26,quan ngu hanh son
2770.0,147,18.84,7,19,quan ngu hanh son
3000.0,64,46.88,4.5,14,quan son tra
2450.0,100,24.5,5,20,quan ngu hanh son
3520.0,100,35.2,5,20,quan cam le
16500.0,210,78.57,5,20,quan son tra
1669.0,81,20.6,5,16,quan son tra
3450.0,68,50.74,5,16,quan thanh khe
2050.0,68,30.15,4.5,16,quan lien chieu
3050.0,99.5,30.81,5,19.9,quan ngu hanh son
7400.0,125,59.2,5,19.9,quan lien chieu
7000.0,335.8,20.9,8.4,40,quan lien chieu
42000.0,840,50.0,28,30,quan son tra
1490.0,95,15.68,28,30,quan cam le
3450.0,100,34.5,5,20,quan cam le
7550.0,200,37.75,10,20,quan ngu hanh son
17.3,105,0.000164761,5,21,quan ngu hanh son
3700.0,90,41.11,5,18,quan thanh khe
6200.0,104,59.62,4,21,quan son tra
2100.0,52.6,40.38,4.2,12.52,quan son tra
6000.0,214,28.04,11,12.52,quan cam le
9000.0,180,50.0,18,10,quan son tra
15700.0,443,35.44,15,10,quan cam le
1600.0,100,16.0,5,20,quan lien chieu
792.9,105,7.55,5,21,quan ngu hanh son
4500.0,122,36.89,5,24.5,quan cam le
1760.0,150,11.73,5,30,huyen hoa vang
8700.0,180,48.33,10,18,quan son tra
1500.0,80,18.75,5,16,quan cam le
2300.0,88,26.14,4,22,quan thanh khe
4450.0,120,37.08,5,24,quan cam le
86.0,170,0.000505882,5,34,quan cam le
4500.0,90,50.0,5,18,quan ngu hanh son
2750.0,100,27.5,5,20,quan cam le
2408.0,100,24.08,5,20,quan cam le
6000.0,200,30.0,10,20,quan ngu hanh son
2800.0,175,16.0,7,25,quan lien chieu
6.5,100,6.5e-05,4,25,huyen hoa vang
6700.0,87.5,77.01,4,25,quan son tra
2450.0,62,39.52,4,25,quan hai chau
2350.0,118,19.92,5,23,quan lien chieu
2100.0,53,39.62,4,12,quan son tra
2900.0,100,29.0,5,20,quan ngu hanh son
2050.0,80,25.63,5,,quan lien chieu
415.0,152,2.73,5,30,huyen hoa vang
4350.0,90,48.33,4,20,quan cam le
2570.0,87,29.54,5,17,quan ngu hanh son
6600.0,76,86.84,5,17,quan son tra
2350.0,45,52.22,5,17,quan hai chau
950.0,153,6.21,6.15,26,huyen hoa vang
3400.0,100,34.0,6.15,26,quan cam le
2500.0,77,32.47,4,19,quan hai chau
520.0,100,5.2,5,19,huyen hoa vang
8000.0,98,81.63,7,14,quan son tra
1700.0,74,22.97,4.3,17.5,quan lien chieu
5200.0,153,33.99,7,22,quan ngu hanh son
3200.0,110,29.09,7,22,quan cam le
2100.0,68,30.88,7,22,quan lien chieu
1700.0,93,18.28,5,19.5,quan cam le
1170.0,95,12.32,5,19,huyen hoa vang
8000.0,119,67.23,6,19.8,quan lien chieu
3450.0,90,38.33,5,18,quan lien chieu
2850.0,82,34.76,5,16,quan cam le
3260.0,100,32.6,5,20,quan cam le
3200.0,100,32.0,5,20,quan cam le
2400.0,100,24.0,4,22,quan ngu hanh son
160.0,6.25,26.67,4,22,quan cam le
1700.0,167,10.18,5,33,quan ngu hanh son
3350.0,80,41.88,4,20,quan lien chieu
2550.0,90,28.33,4,20,quan lien chieu
3030.0,100,30.3,5,20,quan cam le
3000.0,137,21.9,5,27,quan lien chieu
860.0,114,7.5430000000000005e-06,4.8,23.8,huyen hoa vang
37440.0,312,120.0,12,25.5,quan ngu hanh son
2300.0,65,35.38,4,25.5,quan son tra
8200.0,90,91.11,5,18,quan ngu hanh son
3945.0,145,27.21,8,17,quan ngu hanh son
2500.0,156,16.03,5,17,quan lien chieu
2300.0,80,28.75,5,17,quan ngu hanh son
2850.0,74,38.51,5,14,quan lien chieu
6400.0,72,88.89,4,18,quan ngu hanh son
3.0,100,0.0,4,18,quan ngu hanh son
5400.0,82,65.85,5,16,quan hai chau
3600.0,60,60.0,5,20,quan thanh khe
760.0,100,7.6,5,20,huyen hoa vang
19000.0,322,59.01,15,21,quan cam le
40000.0,329,121.58,13.5,24.4,quan ngu hanh son
2150.0,100,21.5,13.5,24.4,quan ngu hanh son
1400.0,103,13.59,13.5,24.4,quan ngu hanh son
450.0,140,3.21,5,28,huyen hoa vang
2050.0,81,25.31,6,15,quan lien chieu
40.0,1200,3.3333e-05,20,15,quan lien chieu
900.0,10000,9e-05,100,100,huyen hoa vang
1580.0,236,6.69,9,26.2,huyen hoa vang
2100.0,53,39.62,4,13,quan son tra
2050.0,100,20.5,5,13,quan lien chieu
5100.0,98,52.04,5,19,quan ngu hanh son
13200.0,300,44.0,12,25,quan cam le
2500.0,950,2.63,43,20,huyen hoa vang
509.0,144,3.53,43,20,huyen hoa vang
4050.0,100,40.5,5,20,quan cam le
2500.0,1247,2.0,31,40,huyen hoa vang
324.0,100,3.24,31,40,huyen hoa vang
2950.0,100,29.5,5,20,quan ngu hanh son
2220.0,100,22.2,5,20,huyen hoa vang
3880.0,145.5,26.76,8.9,16.67,quan ngu hanh son
1180.0,134,8.81,8,16,huyen hoa vang
4050.0,100,40.5,5,20,quan cam le
6500.0,152,42.76,6.7,24,quan lien chieu
3020.0,87,34.71,5,18,quan cam le
2850.0,84.1,33.93,4.2,18,quan lien chieu
3600.0,100,36.0,5,20,quan lien chieu
499.0,100,4.99,5,20,huyen hoa vang
2550.0,100,25.5,5,20,quan lien chieu
1550.0,117,13.25,5,23,huyen hoa vang
4200.0,80,52.5,5,16,quan ngu hanh son
2050.0,80,25.63,7,12,quan lien chieu
4500.0,84,53.57,5,16,quan lien chieu
2400.0,100,24.0,5,20,quan ngu hanh son
2900.0,125,23.2,5,25,quan lien chieu
388.0,101,3.84,5,20,huyen hoa vang
389.0,100,3.89,5.5,18,huyen hoa vang
10200.0,111,91.89,6.5,18,quan son tra
2950.0,100,29.5,,,quan ngu hanh son
3280.0,100,32.8,5,20,quan cam le
8100.0,70,115.71,5,14,quan ngu hanh son
3520.0,100,35.2,5,20,quan cam le
14500.0,103,140.78,5,20.6,quan ngu hanh son
2720.0,127,21.42,5,20.6,quan cam le
730.0,200,3.65,5,40,huyen hoa vang
2900.0,100,29.0,5,20,quan ngu hanh son
3350.0,100,33.5,5,20,quan cam le
1770.0,80,22.13,5,16,quan lien chieu
4350.0,105,41.43,5,21,quan lien chieu
2870.0,100,28.7,5,20,quan ngu hanh son
2300.0,100,23.0,5,20,quan cam le
2340.0,90,26.0,5,20,quan lien chieu
15000.0,326,46.01,12,25,quan cam le
2900.0,100,29.0,5,20,quan ngu hanh son
2100.0,100,21.0,5,25,quan lien chieu
5400.0,90,60.0,5,25,quan thanh khe
2600.0,75,34.67,5,25,quan lien chieu
4300.0,99,43.43,5.5,18,quan cam le
3350.0,100,33.5,5,20,quan lien chieu
2950.0,108,27.31,6,20,huyen hoa vang
3550.0,100,35.5,6,20,quan cam le
4050.0,100,40.5,5,20,quan cam le
3600.0,105,34.29,5,21,quan lien chieu
24000.0,512,46.88,20,25,quan cam le
15000.0,296.7,50.68,20,25,quan cam le
390.0,100,3.9,5,20,huyen hoa vang
3400.0,100,34.0,5,20,quan cam le
8100.0,145,55.86,5,20,quan son tra
6600.0,100,66.0,5,20,quan lien chieu
1350.0,66,20.45,5,20,quan lien chieu
2850.0,100,28.5,5,20,quan ngu hanh son
7300.0,161,45.34,9,18,quan ngu hanh son
2550.0,100,25.5,5,20,quan cam le
1600.0,70,22.86,5,14,quan lien chieu
2500.0,98,25.51,5,20,quan lien chieu
1600.0,62,25.81,5,20,quan lien chieu
3200.0,83,38.55,5,16,quan ngu hanh son
983.0,125,7.86,5,25,quan ngu hanh son
2800.0,102,27.45,6,,quan ngu hanh son
5200.0,100,52.0,5,20,quan son tra
8000.0,90,88.89,5,18,quan son tra
5250.0,125,42.0,5,25,quan ngu hanh son
3100.0,104,29.81,5,21,quan cam le
2900.0,100,29.0,5,20,quan cam le
2800.0,90,31.11,5,18,quan cam le
524.0,100,5.24,5,20,huyen hoa vang
450.0,250,1.8,15,17,quan son tra
2550.0,100,25.5,5,20,quan lien chieu
2590.0,147,17.62,7,18,quan ngu hanh son
2440.0,100,24.4,5,20,quan ngu hanh son
3150.0,100,31.5,5,20,quan cam le
1440.0,111,12.97,5,22,quan lien chieu
2790.0,150,18.6,7.5,20,quan lien chieu
3050.0,100,30.5,5,20,quan cam le
2880.0,105,27.43,5,21,quan ngu hanh son
2590.0,80,32.38,5,16,quan lien chieu
11500.0,250,46.0,10,25,quan cam le
2800.0,125,22.4,5,25,quan ngu hanh son
3200.0,87,36.78,5,17,quan ngu hanh son
2880.0,100,28.8,5,20,quan ngu hanh son
1550.0,120,12.92,6,20,quan ngu hanh son
4350.0,100,43.5,5,20,quan cam le
2700.0,127,21.26,6,216,quan ngu hanh son
40.0,290,0.00013793100000000002,15,17,quan ngu hanh son
22500.0,347,64.84,13.67,25.41,quan cam le
2550.0,90,28.33,13.67,25.41,quan lien chieu
520.0,340,1.53,10,34,huyen hoa vang
2550.0,90,28.33,10,34,quan lien chieu
5450.0,91,59.89,4.1,22.5,quan son tra
1620.0,40,40.5,4,10,quan thanh khe
1630.0,40,40.75,4,10,quan thanh khe
1700.0,100,17.0,5,20,quan ngu hanh son
6789.0,118,57.53,55,215,quan ngu hanh son
2800.0,100,28.0,5,20,quan cam le
1700.0,51,33.33,4,12,quan thanh khe
2500.0,77,32.47,6,15,quan cam le
3300.0,125,26.4,5,25,quan ngu hanh son
2550.0,90,28.33,4,20,quan lien chieu
29990.0,1039,28.86,11.3,52,quan lien chieu
4480.0,127,35.28,630,21,quan son tra
2850.0,84.1,33.93,4.2,18,quan lien chieu
2050.0,67.5,30.6,4.5,15,quan lien chieu
8450.0,106,79.72,5,21,quan ngu hanh son
3350.0,90,37.22,4,22,quan lien chieu
1400.0,109,12.84,4,22,quan ngu hanh son
3550.0,100,35.5,5,20,quan cam le
6600.0,100,66.0,5,20,quan lien chieu
3050.0,56,54.46,5,11,quan hai chau
1050.0,100,10.5,5,20,quan lien chieu
15000.0,144,104.17,83,22,quan thanh khe
680.0,122,5.57,5.01,24,huyen hoa vang
3450.0,144,23.96,6,24,quan ngu hanh son
32.0,767,4.172e-05,17,45,quan ngu hanh son
4150.0,121,34.3,17,45,quan cam le
3150.0,100,31.5,5,20,quan cam le
2100.0,90,23.33,5,18,quan lien chieu
1630.0,40,40.75,4.12,9.5,quan thanh khe
2600.0,100,26.0,5,20,quan cam le
2300.0,100,23.0,,,quan cam le
26000.0,195.2,133.33,11.5,17,quan son tra
3280.0,115,28.52,5,21,quan cam le
2600.0,75,34.67,5,15,quan lien chieu
1450.0,60,24.17,4,15,quan ngu hanh son
370.0,858,0.00043123500000000003,4,15,huyen hoa vang
2350.0,100,23.5,4,15,huyen hoa vang
1638.0,125,13.1,5,25,quan ngu hanh son
7500.0,205,36.59,8.8,24,quan cam le
4350.0,110,39.55,7,15,quan ngu hanh son
700.0,128,5.47,7,15,huyen hoa vang
1987.2,120,16.56,6,20,quan ngu hanh son
2550.0,145,17.59,5,28.7,quan ngu hanh son
1950.0,94.5,20.74,4.5,21,quan cam le
14000.0,170,82.35,6,28.5,quan hai chau
5100.0,102.8,50.0,5,20.52,quan cam le
1550.0,70,22.14,5,20.52,quan lien chieu
3650.0,101,36.14,5,20,quan cam le
3550.0,100,35.5,5,20,quan cam le
2280.0,100,22.8,5,20,quan lien chieu
2170.0,125,17.36,,,quan lien chieu
2900.0,105,27.62,21,5,quan ngu hanh son
1720.0,60,28.67,3,20,quan thanh khe
2650.0,100,26.5,5,20,quan cam le
2000.0,60,33.33,4,15,quan ngu hanh son
1050.0,2000,0.000525,40,50,huyen hoa vang
100.0,100,1.0,40,50,quan ngu hanh son
2050.0,100,20.5,5,20,quan lien chieu
3800.0,102,37.25,5,21,quan ngu hanh son
1700.0,105,16.19,5,21,quan ngu hanh son
560.0,170,3.29,6,26,huyen hoa vang
100.0,105,0.00095238,21,5,quan ngu hanh son
1550.0,60,25.83,21,5,quan lien chieu
2970.0,100,29.7,5,20,quan ngu hanh son
2200.0,49,44.9,5,20,quan thanh khe
3.28,97,3.3814e-05,5,19,quan cam le
589.0,120,4.91,6,20,huyen hoa vang
2650.0,100,26.5,5,20,quan ngu hanh son
2900.0,105,27.62,5,21,quan lien chieu
1450.0,80,18.13,5,21,quan cam le
2550.0,102,25.0,5,21,quan lien chieu
6800.0,240,28.33,10,24,quan cam le
1200.0,375,3.2,10,37,huyen hoa vang
800.0,120,6.67,6,20,quan lien chieu
1980.213,100,19.8,5,20,huyen hoa vang
5700.0,145.5,39.31,6,23,quan cam le
2050.0,100,20.5,5,23,quan lien chieu
4200.0,120,35.0,4.59,26.5,quan ngu hanh son
3900.0,100,39.0,4.59,26.5,quan lien chieu
2350.0,45.7,52.22,5,9.2,quan hai chau
3550.0,106,33.49,6,18,quan ngu hanh son
2550.0,100,25.5,5,20,quan lien chieu
2817.0,147,19.16,7.8,20,quan son tra
800.0,120,6.67,6,20,quan cam le
22500.0,347.2,64.84,14,26,quan cam le
3600.0,125,28.8,5,25,quan lien chieu
1850.0,72,25.69,9.92,7.3,quan cam le
7300.0,125,58.4,9.92,7.3,quan lien chieu
2950.0,100,29.5,5,20,quan cam le
2230.0,100,22.3,5,20,huyen hoa vang
3350.0,100,33.5,5,20,quan cam le
2029.9999999999998,120,16.92,6,20,quan ngu hanh son
3650.0,102,35.78,5,21,quan cam le
1900.0,100,19.0,5,25,quan lien chieu
4150.0,75,55.33,5,15,quan son tra
5700.0,107.5,53.27,5,21.5,quan cam le
10500.0,267,39.33,5,21.5,quan cam le
800.0,120,6.67,6,20,quan lien chieu
10100.0,300,33.67,12,25,quan cam le
3150.0,187.5,16.84,7.5,25,quan lien chieu
800.0,1200,0.000666666,50,20,huyen hoa vang
1050.0,161,6.52,50,20,huyen hoa vang
15500.0,300,51.67,15,20,quan ngu hanh son
3300.0,100,33.0,5,20,quan cam le
2750.0,100,27.5,5,20,quan lien chieu
7900.0,109,72.48,5,21,quan thanh khe
2816.0,147,19.16,7.7,20,quan cam le
2350.0,98,23.98,7,14,quan lien chieu
1500.0,505,2.97,14,36,huyen hoa vang
4150.0,88,47.16,6,15,quan lien chieu
1300.0,240,5.42,6,39,huyen hoa vang
1240.0,84,14.76,6,14,quan cam le
530.0,120,4.42,5,25,huyen hoa vang
410.0,155,2.65,5,31,huyen hoa vang
4550.0,84,54.17,5,16,quan lien chieu
790.0,130,6.08,6,23,huyen hoa vang
4000.0,132,30.3,7,17,quan ngu hanh son
4200.0,88,47.73,6,15,quan lien chieu
3450.0,100,34.5,5,20,quan cam le
3000.0,100,30.0,5,20,quan ngu hanh son
1320.0,120.6,11.0,5.02,24,huyen hoa vang
6650.0,147,45.24,7.2,21.5,quan cam le
2250.0,76.5,29.61,4.5,17,quan lien chieu
4500.0,100,45.0,5,20,quan son tra
1480.0,153.2,9.67,7.9,20,huyen hoa vang
50000.0,250,200.0,7.9,20,quan ngu hanh son
2550.0,100,25.5,5,20,quan lien chieu
3700.0,156,23.72,5,20,quan cam le
2250.0,76,29.61,5,16,quan thanh khe
1400.0,150,9.33,5,16,huyen hoa vang
2500.0,90,27.78,5,18,quan lien chieu
1950.0,100,19.5,5,20,quan lien chieu
1440.0,122,11.8,5,22,quan lien chieu
8500.0,90,94.44,5,22,quan son tra
2950.0,100,29.5,5,20,quan ngu hanh son
1590.0,95.2,16.74,7.4,14.5,quan lien chieu
123.46,100,1.23,7.4,14.5,quan son tra
2550.0,90,28.33,4.5,14.5,quan lien chieu
2350.0,50,47.0,6,8,quan son tra
6200.0,125,49.6,5,25,quan lien chieu
2100.0,100,21.0,5,20,quan lien chieu
4150.0,79.2,52.53,4,20,quan thanh khe
2250.0,7,321.43,97,14,quan lien chieu
650.0,10000,6.5e-05,97,14,huyen hoa vang
2050.0,62,33.06,97,14,quan thanh khe
560.0,100,5.6,5,20,huyen hoa vang
16.0,95,0.000168421,7,14,quan lien chieu
290.0,84,3.45,6,14,quan lien chieu
2380.0,100,23.8,5,20,quan cam le
410.0,140,2.93,5,28,huyen hoa vang
2500.0,100,25.0,5,20,quan cam le
2500.0,105,23.81,5,20,quan lien chieu
2.18,61.3,3.5737e-05,6.1,12,quan thanh khe
8000.0,66,121.21,4.4,15,quan son tra
3800.0,145,26.21,10,14.5,quan lien chieu
2050.0,67.5,30.6,4.5,14.5,quan lien chieu
3520.0,100,35.2,5,20,quan cam le
1900.0,147,12.93,5,29,quan ngu hanh son
900.0,403,2.23,40,40,huyen hoa vang
12500.0,200,62.5,10,20,quan cam le
400.0,50,8e-06,10,20,quan cam le
123.46,85,1.45,10,20,quan son tra
2000.0,170,11.76,7,24,quan ngu hanh son
1900.0,100,19.0,7,24,quan lien chieu
3620.0,300,12.07,6,50,quan cam le
4700.0,100,47.0,5,20,quan ngu hanh son
2850.0,77.5,37.01,4.25,20,quan lien chieu
2600.0,75,34.67,5,20,quan lien chieu
3220.0,110,29.27,5,22,quan lien chieu
1120.0,120,9.33,7,22,huyen hoa vang
1180.0,125,9.44,5,25,huyen hoa vang
520.0,100,5.2,5,20,huyen hoa vang
2000.0,60,33.33,5,20,quan son tra
2550.0,90,28.33,5,20,quan lien chieu
2900.0,100,29.0,5,20,quan ngu hanh son
2050.0,100,20.5,5,20,quan lien chieu
1200.0,104,11.54,5.4,20,huyen hoa vang
2300.0,100,23.0,5,20,quan ngu hanh son
1850.0,72,25.69,9,8,quan cam le
1400.0,100,14.0,9,8,quan ngu hanh son
2850.0,72,39.58,9,8,quan lien chieu
3900.0,145,26.9,10,15,quan lien chieu
2575.0,87,29.6,5,17,quan ngu hanh son
2050.0,80,25.63,6,17,quan lien chieu
1200.0,100,12.0,6.5,15,quan cam le
2500.0,693,3.61,26,27,huyen hoa vang
4950.0,94.5,52.66,4.5,21,quan lien chieu
2350.0,85,27.65,4,20,quan cam le
6000.0,92,65.22,5,18,quan cam le
2650.0,90,29.44,5,18,quan lien chieu
4300.0,141,30.5,4.93,26.2,quan son tra
525.0,170,3.09,5.3,32,huyen hoa vang
15000.0,200,75.0,50,40,quan lien chieu
4000.0,145,27.59,8,16,quan ngu hanh son
2350.0,103,22.82,8,16,quan ngu hanh son
3100.0,81,38.27,4.5,18,quan lien chieu
4650.0,100,46.5,5,20,quan ngu hanh son
1700.0,100,17.0,5,20,huyen hoa vang
1500.0,1234,1.22,5,20,quan ngu hanh son
1350.0,212,6.37,8,27,huyen hoa vang
3450.0,100,34.5,5,27,quan cam le
1950.0,100,19.5,5,20,quan lien chieu
1780.0,60,29.67,4,15,quan cam le
2200.0,98,22.45,5,15,quan ngu hanh son
870.0,120,7.25,5,24,huyen hoa vang
2250.0,76,29.61,5,24,quan lien chieu
3050.0,110,27.73,5,22,quan ngu hanh son
450.0,80,5.63,5,18,quan lien chieu
750.0,109,6.88,10,11,huyen hoa vang
1762.0,105,16.78,5,21,quan ngu hanh son
1762.0,105,16.78,5,21,quan ngu hanh son
600.0,300,2.0,10,30,huyen hoa vang
1260.0,120,10.5,6,20,huyen hoa vang
4400.0,120,36.67,5,24,quan cam le
2100.0,90,23.33,5,18,quan lien chieu
596.0,145,4.11,5,25,huyen hoa vang
1060.0,131,8.09,14,9,huyen hoa vang
4100.0,100,41.0,5,20,quan cam le
4400.0,90,48.89,5,20,quan ngu hanh son
2100.0,79,26.58,4,20,quan thanh khe
4500.0,138,32.61,7.5,18.4,quan ngu hanh son
3250.0,87,37.36,5,17,quan cam le
2500.0,141,17.73,5,17,quan lien chieu
1490.0,77,19.35,410,19,quan lien chieu
3100.0,110,28.18,5,22,quan cam le
1490.0,77,19.35,4.1,19,quan lien chieu
2250.0,56,40.18,4,14,quan thanh khe
2300.0,65,35.38,4,14,quan son tra
1450.0,561,2.58,40,14,huyen hoa vang
899.0,160,5.62,5,28,huyen hoa vang
820.0,185,4.43,5,37,huyen hoa vang
1400.0,100,14.0,5,20,quan ngu hanh son
3050.0,85,35.88,5,17,quan cam le
2200.0,97.5,22.68,5,19.5,quan ngu hanh son
9400.0,1003,9.37,5,19.5,quan son tra
8000.0,90,88.89,5,18,quan son tra
3000.0,122,24.59,7,18,quan cam le
8999.999999,100,90.0,5,20,quan cam le
4500.0,98,45.92,7,14,quan lien chieu
7000.0,135,51.85,8,17,quan hai chau
2870.0,100,28.7,10,10,quan ngu hanh son
32.0,100,0.00032,5,20,quan ngu hanh son
3050.0,78,39.1,6,13,quan thanh khe
2350.0,125,18.8,5,25,quan lien chieu
9500.0,127,74.8,5,25,quan son tra
3900.0,86,45.35,5,17,quan cam le
3650.0,100,36.5,5,20,quan cam le
3200.0,100,32.0,5,20,quan cam le
5400.0,2000,2.7,18,20,huyen hoa vang
5100.0,125,40.8,5,25,quan cam le
1530.0,83,18.43,4.12,,quan lien chieu
10700.0,125,85.6,5,25,quan son tra
2050.0,100,20.5,5,20,quan lien chieu
380.0,150,2.53,5,30,quan ngu hanh son
2600.0,75,34.67,5,15,quan lien chieu
3000.0,110,27.27,5,22,quan ngu hanh son
380.0,150,2.53,5,30,quan lien chieu
3700.0,166,22.29,8,20,quan lien chieu
2900.0,125,23.2,5,25,quan ngu hanh son
4250.0,148.5,28.72,7.5,19.8,quan lien chieu
5000.0,137,36.5,6,19.8,quan hai chau
1350.0,108,12.5,6,18,huyen hoa vang
2800.0,100,28.0,5,20,quan cam le
1600.0,225,7.11,6,35,huyen hoa vang
2650.0,100,26.5,5,20,quan cam le
220.0,64,3.44,4,14,quan son tra
3200.0,95,33.68,5,18,quan cam le
3650.0,105,34.76,5,21,quan lien chieu
3050.0,99.5,30.81,5,20,quan ngu hanh son
4500.0,90,50.0,5,18,quan ngu hanh son
1640.0,120,13.67,5,24,huyen hoa vang
3650.0,300,12.17,6,50,quan cam le
4150.0,100,41.5,5,100,quan cam le
525.0,109,4.82,5,22,huyen hoa vang
23.0,216,0.000106481,9,24,quan ngu hanh son
3200.0,110,29.09,9,24,quan ngu hanh son
2700.0,113,23.89,5,22,quan cam le
2850.0,77.5,37.01,4.2,22,quan lien chieu
1390.0,150,9.27,5,20,huyen hoa vang
2050.0,125,16.4,5,20,huyen hoa vang
3050.0,98,31.12,5,19,quan cam le
10500.0,131,80.15,5,26,quan son tra
4300.0,120,35.83,5,24,quan cam le
3400.0,80,42.5,5,16,quan cam le
2450.0,100,24.5,5,20,quan cam le
32800.0,100,328.0,5,20,quan cam le
4300.0,77,55.84,5,20,quan hai chau
2900.0,100,29.0,5,20,quan cam le
7500.0,310,24.19,5,20,quan ngu hanh son
7990.0,160,49.94,8,20,quan son tra
1100.0,239,4.6,9.2,20,huyen hoa vang
1950.0,67.5,29.1,4.5,20,quan lien chieu
1200.0,262,4.58,10.6,24.7,huyen hoa vang
1250.0,115,10.87,5,23,huyen hoa vang
700.0,170,4.12,5.3,32,huyen hoa vang
20000.0,250,80.0,10,25,quan thanh khe
3550.0,100,35.5,5,20,quan lien chieu
1550.0,61,25.41,4,16,quan lien chieu
23800.0,210,113.33,12.7,18.4,quan son tra
2850.0,100,28.5,5,18.4,quan ngu hanh son
4550.0,112,40.63,5,52,quan cam le
6500.0,120,54.17,5,24,quan lien chieu
3950.0,92,42.93,5,24,quan thanh khe
12000.0,585.6,20.51,16.23,32,quan ngu hanh son
3550.0,100,35.5,5,20,quan cam le
11300.0,125,90.4,5,25,quan ngu hanh son
5700.0,85,67.06,5,25,quan son tra
1490.0,72,20.69,5,25,quan lien chieu
1100.0,120,9.17,7.3,16.5,huyen hoa vang
2500.0,2000,1.25,28,70,huyen hoa vang
2600.0,79,32.91,5,13,quan son tra
2600.0,100,26.0,6,16,quan ngu hanh son
3400.0,1312,2.59,33,40,huyen hoa vang
10100.0,300,33.67,12,25,quan cam le
4500.0,100,45.0,5,20,quan cam le
850.0,817,1.04,5,20,huyen hoa vang
3200.0,90,35.56,9,10,quan son tra
9000.0,175,51.43,6.3,28,quan son tra
4500.0,100,45.0,5,20,quan ngu hanh son
3300.0,130,25.38,6,20,quan cam le
515.0,400,1.29,6,49,huyen hoa vang
1.7,100,1.7e-05,6,49,huyen hoa vang
18375.0,525,35.0,15,35,quan cam le
1550.0,70,22.14,4.5,35,quan lien chieu
3520.0,100,35.2,5,20,quan cam le
10000.0,525,19.05,15,35,quan cam le
2380.0,100,23.8,5,20,quan cam le
3250.0,110,29.55,5,22,quan lien chieu
27.0,108,0.00025,6,18,quan ngu hanh son
2050.0,100,20.5,5,18,quan lien chieu
3800.0,100,38.0,5,20,quan cam le
18450.0,369,50.0,15,25,quan cam le
520.0,400,1.3,7,49,huyen hoa vang
4570.0,110,41.55,5,22,quan cam le
2550.0,90,28.33,4.5,22,quan lien chieu
2870.0,100,28.7,5,19.6,quan cam le
1650.0,100,16.5,5,20,quan ngu hanh son
2800.0,88,31.82,5,20,quan lien chieu
13200.0,300,44.0,10,25,quan cam le
1100.0,92,11.96,5,18,huyen hoa vang
7600.0,150,50.67,10,18,quan son tra
9500.0,120,79.17,5,24,quan thanh khe
3400.0,100,34.0,5,20,quan cam le
2730.0,100,27.3,5,20,quan cam le
2550.0,143,17.83,5,28,quan ngu hanh son
3350.0,96,34.9,42,28,quan lien chieu
7100.0,92,77.17,5,18.5,quan cam le
2950.0,108,27.31,6,18.5,huyen hoa vang
1570.0,95,16.53,7.5,15,quan lien chieu
11200.0,313,35.78,20,15,quan ngu hanh son
3450.0,100,34.5,5,,quan cam le
5800.0,107.5,54.21,5,,huyen hoa vang
2200.0,92,23.91,5,,quan lien chieu
2350.0,76,30.92,7,10,quan hai chau
1500.0,300,5.0,10,30,huyen hoa vang
4550.0,105,43.33,5,21,quan lien chieu
3050.0,55,55.45,5,11,quan hai chau
350.0,100,3.5,5,10,huyen hoa vang
3050.0,55,55.45,5,11,quan hai chau
487.0,128,3.8,5,22,huyen hoa vang
14000.0,84,166.67,6,22,quan hai chau
1530.0,83,18.43,4.12,22,quan lien chieu
890.0,218,4.08,5,41,huyen hoa vang
524.0,116,4.52,5,23,huyen hoa vang
692.0,171,4.05,5.3,32,huyen hoa vang
3450.0,100,34.5,5,20,quan cam le
3700.0,138,26.81,4,33,quan son tra
2760.0,100,27.6,5,20,quan cam le
3700.0,108,34.26,6,18,quan ngu hanh son
3700.0,108,34.26,6,18,quan ngu hanh son
3700.0,108,34.26,6,18,quan ngu hanh son
392.0,125,3.14,6,18,huyen hoa vang
3050.0,55,55.45,5,11,quan hai chau
6000.0,214,28.04,11,11,quan cam le
2000.0,66,30.3,11,11,quan thanh khe
3050.0,55,55.45,5,11,quan hai chau
1680.0,50,33.6,3.82,12,quan thanh khe
4000.0,180,22.22,7,24,quan ngu hanh son
2380.0,100,23.8,7,24,quan ngu hanh son
390.0,170,2.29,6,30,huyen hoa vang
3650.0,100,36.5,6,30,quan cam le
2350.0,75,31.33,6,30,quan lien chieu
420.0,150,2.8,5,30,huyen hoa vang
1490.0,71,20.99,5,30,quan lien chieu
4600.0,100,46.0,5,20,quan ngu hanh son
1600.0,60,26.67,5,20,quan lien chieu
3700.0,110,33.64,5,20,quan hai chau
2200.0,93,23.66,5,20,huyen hoa vang
2500.0,16000,0.00015625,5,20,huyen hoa vang
2942.0,152,19.36,8,20,quan ngu hanh son
3700.0,160,23.13,8.5,20,huyen hoa vang
2900.0,108,26.85,6,18,quan ngu hanh son
2950.0,100,29.5,6,18,quan ngu hanh son
699.0,170,4.11,5,34,huyen hoa vang
5200.0,100,52.0,5,20,quan cam le
2890.0,152,19.01,8,20,quan ngu hanh son
2750.0,100,27.5,5,20,quan cam le
2800.0,205,13.66,10,20.5,quan ngu hanh son
10600.0,300,35.33,15,20,quan ngu hanh son
2760.0,100,27.6,5,20,quan cam le
3.65,100,3.65e-05,5,20,quan ngu hanh son
2950.0,152,19.41,6.72,20,quan ngu hanh son
3250.0,105,30.95,5,21,quan lien chieu
395.0,96,4.11,5,19,huyen hoa vang
3050.0,108,28.24,6,18,quan ngu hanh son
900.0,100,9.0,5,20,huyen hoa vang
520.0,95,5.47,5,19,huyen hoa vang
11000.0,300,36.67,12,25,quan cam le
391.0,101,3.87,5,20,huyen hoa vang
8750.0,251,34.86,8.34,22,quan lien chieu
392.0,102,3.84,5,20,huyen hoa vang
1800.0,85,21.18,5,17,quan ngu hanh son
2900.0,82,35.37,5,17,quan cam le
3250.0,72,45.14,4,18,quan son tra
3500.0,90,38.89,6,15,quan ngu hanh son
391.0,95,4.12,5,19,huyen hoa vang
2850.0,100,28.5,5,20,quan ngu hanh son
2850.0,75,38.0,4.25,20,quan lien chieu
392.0,96,4.08,5,19,huyen hoa vang
1398.0,100,13.98,5,20,quan cam le
45.0,291,0.000154639,15,20,quan son tra
2800.0,100,28.0,5,20,quan ngu hanh son
2250.0,50.3,45.0,5.3,9.4,quan hai chau
3000.0,155,19.35,8,20,quan lien chieu
1700.0,105,16.19,5,21,quan ngu hanh son
3650.0,100,36.5,5,21,quan ngu hanh son
2300.0,250,9.2,10,25,quan cam le
2900.0,810,3.58,18,45,huyen hoa vang
2500.0,800,3.13,30,30,huyen hoa vang
2650.0,100,26.5,5,20,quan ngu hanh son
1550.0,100,15.5,5,20,huyen hoa vang
2750.0,80,34.38,5,15,quan lien chieu
1650.0,100,16.5,5,20,quan ngu hanh son
2000.0,8,250.0,4,20,quan son tra
2220.0,100,22.2,5,20,huyen hoa vang
1130.0,103,10.97,5,20,huyen hoa vang
1590.0,88,18.07,4,22,quan ngu hanh son
2200.0,150,14.67,6,23,quan cam le
1650.0,100,16.5,6,23,quan ngu hanh son
1900.0,67.5,28.36,4.5,23,quan lien chieu
20500.0,285,71.93,5,23,quan son tra
500.0,330,1.52,5,33,huyen hoa vang
3200.0,7380,0.000433604,52,205,huyen hoa vang
596.0,105,5.68,5,21,huyen hoa vang
3050.0,56,54.46,5,21,quan hai chau
2500.0,80,31.25,7,21,quan cam le
1750.0,100,17.5,5,20,quan ngu hanh son
1590.0,61,26.07,4.25,15,quan lien chieu
1940.0,180,10.78,6,30,huyen hoa vang
8800.0,300,29.33,7,40,quan lien chieu
3400.0,115,29.57,5,23,quan lien chieu
9300.0,250,37.2,10,25,quan lien chieu
8800.0,95,92.63,6,16,quan son tra
3650.0,100,36.5,5,20,quan cam le
2500.0,100,25.0,5,20,quan cam le
3750.0,90,41.67,5,18,quan ngu hanh son
530.0,100,5.3,5,20,huyen hoa vang
5100.0,152.8,33.55,7.1,21.7,quan ngu hanh son
1550.0,70,22.14,4.5,21.7,quan lien chieu
2300.0,59.4,38.98,3.53,21.7,quan thanh khe
3500.0,130,26.92,6.5,21,quan lien chieu
3450.0,100,34.5,5,20,quan cam le
6700.0,136,49.26,6.85,19,quan lien chieu
9000.0,204,44.12,8.2,25,quan lien chieu
980.0,231,4.24,14,17.85,huyen hoa vang
6900.0,150,46.0,10,15,quan son tra
5300.0,3200,1.66,80,40,huyen hoa vang
2850.0,75,38.0,4.25,40,quan lien chieu
2660.0,75,35.47,5,40,quan lien chieu
4500.0,90,50.0,5,18,quan ngu hanh son
1530.0,83,18.43,4.2,,quan lien chieu
6500.0,191,34.03,7,27,quan lien chieu
4450.0,157,28.34,14,27,quan thanh khe
1.57,150,1.0466e-05,5,30,huyen hoa vang
5800.0,220,26.36,13,30,quan ngu hanh son
2300.0,125,18.4,13,30,quan lien chieu
2150.0,55,39.09,13,30,quan thanh khe
5600.0,100,56.0,5,20,quan hai chau
3300.0,75,44.0,5,15,quan lien chieu
2900.0,100,29.0,5,20,quan cam le
10000.0,140,71.43,8,18,quan ngu hanh son
2170.0,80,27.13,4,18,quan cam le
1950.0,100,19.5,5,20,quan lien chieu
8400.0,100,84.0,10,10,quan son tra
2750.0,106,25.94,10,10,quan cam le
2900.0,100,29.0,5,20,quan cam le
10000.0,86.8,116.28,5,20,quan son tra
2000.0,125,16.0,5,25,quan lien chieu
1300.0,80,16.25,4,20,quan lien chieu
2750.0,90,30.56,6,15,quan cam le
3300.0,69,47.83,4.8,15,quan son tra
500.0,121,4.13,4.8,15,huyen hoa vang
2900.0,100,29.0,5,20,quan ngu hanh son
5600.0,100,56.0,5,20,quan hai chau
3700.0,90,41.11,5,18,quan ngu hanh son
7020.0,90,78.0,5,18,quan son tra
2550.0,100,25.5,5,20,quan lien chieu
2300.0,97,23.71,5,19,quan lien chieu
4480.0,90,49.78,5,18,quan ngu hanh son
1150.0,110,10.45,5,21,huyen hoa vang
2760.0,100,27.6,5,20,quan cam le
3150.0,108,29.17,6,18,quan ngu hanh son
8600.0,124,69.35,6,20,quan son tra
3000.0,100,30.0,5,20,quan ngu hanh son
2650.0,80,33.13,5,16,quan lien chieu
2950.0,100,29.5,5,20,quan cam le
3100.0,110,28.18,7,16,quan cam le
3100.0,109,28.44,6,16,quan cam le
3280.0,100,32.8,5,20,quan cam le
3800.0,100,38.0,5,20,quan cam le
2900.0,100,29.0,5,20,quan cam le
1900.0,67.5,28.36,4.5,20,quan lien chieu
2400.0,100,24.0,5,20,quan ngu hanh son
7500.0,94,79.79,5.5,17.3,quan son tra
1350.0,150,9.0,6,25,huyen hoa vang
3000.0,121,24.79,7,17,quan cam le
2700.0,113,23.89,5,22,quan cam le
2050.0,100,20.5,5,22,quan lien chieu
2550.0,90,28.33,4.5,22,quan lien chieu
2900.0,100,29.0,4.5,22,quan cam le
2490.0,117,21.28,5,23,quan cam le
1400.0,110,12.73,5,22,quan cam le
2750.0,100,27.5,5,20,quan cam le
2450.0,100,24.5,5,20,huyen hoa vang
31000.0,134,231.34,7,20,huyen hoa vang
1250.0,80,15.63,7,20,quan cam le
3630.0,100,36.3,5,20,quan cam le
520.0,100,5.2,5,20,quan cam le
2380.0,100,23.8,5,20,quan cam le
1390.0,60,23.17,10,6,quan cam le
3050.0,99,30.81,5,19,quan ngu hanh son
810.0,100,8.1,5,19,quan hai chau
28.5,232,0.000122844,10,23.2,quan ngu hanh son
8500.0,102,83.33,5,20,quan son tra
1200.0,100,12.0,5,20,quan cam le
2350.0,75.6,31.33,7,13.7,quan hai chau
8700.0,220,39.55,10,22,quan son tra
2450.0,90,27.22,10,22,quan cam le
2350.0,100,23.5,5,20,quan cam le
6000.0,100,60.0,5,20,quan hai chau
2100.0,80,26.25,5,20,quan cam le
1000.0,100,10.0,5,20,quan lien chieu
4300.0,154,27.92,8.3,18.5,quan cam le
2350.0,46,51.09,5,9,quan hai chau
2870.0,100,28.7,5,20,quan ngu hanh son
3450.0,100,34.5,5,20,quan cam le
2500.0,98.5,25.51,5,19.7,quan cam le
40.0,250,0.00016,12,18,quan son tra
2250.0,81,27.78,12,18,quan cam le
3600.0,153,23.53,8,20,quan ngu hanh son
3250.0,120,27.08,5,24,quan cam le
5200.0,202,25.74,11,20,quan ngu hanh son
3450.0,100,34.5,5,20,quan cam le
2750.0,100,27.5,5,20,quan ngu hanh son
4700.0,100,47.0,5,20,quan ngu hanh son
1650.0,290,5.69,10,29,huyen hoa vang
1720.0,60,28.67,310,20,quan thanh khe
2640.0,100,26.4,5,20,quan ngu hanh son
3600.0,105,34.29,5,20,quan lien chieu
2150.0,82.1,26.22,5,16.4,huyen hoa vang
9500.0,165,57.58,8,20,quan cam le
3350.0,100,33.5,5,20,quan cam le
3700.0,164,22.56,8.5,20,quan lien chieu
3050.0,100,30.5,5,20,quan ngu hanh son
3150.0,90,35.0,6,20,quan ngu hanh son
1550.0,111,13.96,5,21,quan lien chieu
3900.0,99.9,39.39,5.8,20,quan ngu hanh son
3350.0,100,33.5,5,20,quan cam le
2100.0,105,20.0,5,21,quan lien chieu
1762.0,105,16.78,5,21,quan ngu hanh son
1440.0,70,20.57,4,20,quan lien chieu
3550.0,100,35.5,5,20,quan cam le
2600.0,87,29.89,4,18,quan ngu hanh son
1750.0,171,10.23,7,24,quan ngu hanh son
2320.0,100,23.2,5,20,quan ngu hanh son
3050.0,55,55.45,5,11,quan hai chau
1650.0,60,27.5,5,12,quan lien chieu
21000.0,525,40.0,15,35,quan cam le
60000.0,1110,54.05,23,30,quan cam le
3450.0,100,34.5,5,20,quan cam le
10200.0,300,34.0,12,25,quan cam le
2950.0,175,16.86,7,25,quan lien chieu
9500.0,120,79.17,5,24,quan thanh khe
2450.0,105,23.33,5,21,quan cam le
2350.0,123.9,19.11,5.16,23,quan lien chieu
2600.0,102,25.49,6,23,quan ngu hanh son
6200.0,120,51.67,5,24,quan son tra
1700.0,105,16.19,5,21,quan ngu hanh son
3100.0,110,28.18,5,22,quan ngu hanh son
2780.0,106,26.23,5,20,quan cam le
2900.0,100,29.0,5,20,quan cam le
2050.0,65,31.54,4,16,quan thanh khe
38000.0,360000,0.000105555,200,16,huyen hoa vang
2250.0,76,29.61,4.5,16,quan lien chieu
3450.0,100,34.5,5,20,quan cam le
3490.0,100,34.9,5,20,quan cam le
3400.0,100,34.0,5,20,quan cam le
5600.0,152,36.84,5,20,quan cam le
3100.0,81,38.27,4.5,18,quan lien chieu
2650.0,80,33.13,5,16,quan cam le
3050.0,1025,2.98,20,53,huyen hoa vang
500.0,100,5.0,20,53,huyen hoa vang
2380.0,100,23.8,5,20,quan ngu hanh son
1200.0,120,10.0,7,17,huyen hoa vang
4000.0,132,30.3,7.5,17.6,quan ngu hanh son
1250.0,70,17.86,4,17,quan lien chieu
2900.0,100,29.0,5,20,quan cam le
4100.0,100,41.0,5,20,quan cam le
2200.0,668,3.29,5,20,huyen hoa vang
2800.0,90,31.11,5,18,quan cam le
24300.0,324,75.0,12,28,quan ngu hanh son
2950.0,80,36.88,12,28,quan lien chieu
4500.0,90,50.0,5,18,quan ngu hanh son
2180.0,90,24.22,6,15,huyen hoa vang
2500.0,50,50.0,4,12.5,quan son tra
1.48,230,6.4340000000000006e-06,52,40,huyen hoa vang
3020.0,100,30.2,5,20,quan cam le
23.0,420,5.4761e-05,15,24,quan ngu hanh son
4300.0,75,57.33,5,15,quan hai chau
2900.0,100,29.0,5,20,quan cam le
2900.0,152,19.08,8,20,quan ngu hanh son
2650.0,100,26.5,5,20,quan cam le
2350.0,76,30.92,7,13.7,quan hai chau
3220.0,105,30.67,5,21,quan lien chieu
2050.0,72,28.47,5,21,quan cam le
7500.0,150,50.0,7.5,20,quan son tra
11800.0,290,40.69,15.1,17.1,quan son tra
1000.0,120,8.33,6,20,huyen hoa vang
3600.0,125,28.8,5,25,quan lien chieu
3280.0,96.3,34.17,5,19,quan cam le
3500.0,100,35.0,5,20,quan cam le
5200.0,77.6,67.53,5,20,quan thanh khe
12600.0,151,83.44,7,21,quan cam le
4300.0,141,30.5,5,21,quan son tra
2600.0,87,29.89,4,18,quan ngu hanh son
2200.0,149,14.77,6.4,18,huyen hoa vang
1570.0,60,26.17,4.5,14.5,quan lien chieu
15500.0,200,77.5,10,20,quan son tra
2170.0,90,24.11,6,15,huyen hoa vang
3800.0,105,36.19,45,15,quan son tra
2.1,1145,1.8340000000000001e-06,45,15,quan cam le
2600.0,74,35.14,5,15,quan cam le
2220.0,100,22.2,5,20,quan lien chieu
3200.0,1648,1.94,30,60,huyen hoa vang
2870.0,100,28.7,5,20,quan ngu hanh son
670.0,100,6.7,5,20,huyen hoa vang
3500.0,104,33.65,5,21,quan ngu hanh son
1680.0,50,33.6,5,10,quan thanh khe
3360.0,120,28.0,5,10,quan lien chieu
2300.0,109,21.1,5,22,quan cam le
8800.0,99,88.89,,,quan thanh khe
3550.0,85,41.76,,,quan lien chieu
1200.0,100,12.0,,,huyen hoa vang
3800.0,90,42.22,,,quan ngu hanh son
1670.0,60,27.83,5,,quan lien chieu
3100.0,143,21.68,5,,quan hai chau
1950.0,128,15.23,4.8,27,quan lien chieu
1900.0,67.5,28.36,4.5,15,quan lien chieu
11500.0,470,24.47,740,63,quan lien chieu
1490.0,70,21.29,3,23,quan lien chieu
7500.0,210,35.71,11,23,quan cam le
350.0,1006,0.00034791199999999997,11,23,huyen hoa vang
2400.0,68.9,35.29,4.5,15.3,quan lien chieu
8800.0,220,40.0,10,22,quan son tra
2300.0,100,23.0,5,20,quan ngu hanh son
4300.0,142,30.28,5,28,quan son tra
3150.0,105,30.0,5,21,quan ngu hanh son
1300.0,80,16.25,5,21,quan lien chieu
45500.0,306,148.69,16,20,quan ngu hanh son
2250.0,76,29.61,4,16,quan lien chieu
2380.0,100,23.8,5,20,quan cam le
1400.0,182,7.69,5,20,huyen hoa vang
2600.0,75,34.67,5,15,quan lien chieu
2500.0,68,36.76,4,17,quan son tra
489.0,199,2.46,5,22,huyen hoa vang
1000.0,70,14.29,5,22,quan ngu hanh son
4400.0,100,44.0,5,20,quan cam le
6800.0,267,25.47,10,26,quan ngu hanh son
1700.0,100,17.0,5,20,quan ngu hanh son
13800.0,150,92.0,5,20,quan ngu hanh son
3100.0,111,27.93,6,18.5,quan ngu hanh son
1900.0,125,15.2,5,25,quan lien chieu
7500.0,94,79.79,5,17,quan son tra
2300.0,100,23.0,5,20,huyen hoa vang
1800.0,100,18.0,5,20,huyen hoa vang
3400.0,105,32.38,5,20,quan cam le
3000.0,983.9,3.05,5,20,quan lien chieu
5600.0,138,40.58,7,20,quan ngu hanh son
2520.0,125,20.16,5,25,quan cam le
1530.0,83,18.43,4.12,25,quan lien chieu
10000.0,250,40.0,12,20,quan son tra
2050.0,100,20.5,5,20,quan lien chieu
31000.0,660,46.97,20,34,quan cam le
7300.0,95,76.84,5,19,quan son tra
3900.0,145,26.9,9,17,quan ngu hanh son
4650.0,100,46.5,5,20,quan ngu hanh son
3600.0,85,42.35,5,17,quan lien chieu
2650.0,80,33.13,5,16,quan cam le
2550.0,90,28.33,4.5,20,quan lien chieu
3000.0,152,19.74,8,20,quan cam le
5350.0,95,56.32,5,19,quan ngu hanh son
3800.0,100,38.0,5,20,quan ngu hanh son
520.0,300,1.73,15,20,huyen hoa vang
3600.0,105,34.29,5,20,quan ngu hanh son
11600.0,300,38.67,12,25,quan cam le
680.0,200,3.4,6,33,huyen hoa vang
24292.0,323,75.21,12,28,quan ngu hanh son
9500.0,100,95.0,5,20,quan ngu hanh son
130000.0,490,265.31,25,20,quan ngu hanh son
3650.0,100,36.5,5,20,quan cam le
4100.0,100,41.0,5,20,quan cam le
4100.0,90,45.56,5,18,quan ngu hanh son
2900.0,200,14.5,7.3,27.5,quan cam le
2000.0,100,20.0,5,20,quan ngu hanh son
2890.0,127,22.76,5,20,quan cam le
9620.0,250,38.48,10,25,quan cam le
3500.0,100,35.0,5,20,quan cam le
785.0,105,7.48,5,21,quan ngu hanh son
8900.0,175,50.86,7,26,quan son tra
2392.0,100,23.92,5,20,quan cam le
700.0,100,7e-06,5,20,huyen hoa vang
4500.0,100,45.0,5,20,quan cam le
2800.0,150,18.67,7,20,quan lien chieu
2500.0,77,32.47,7,20,quan hai chau
3000.0,121,24.79,7,17,quan cam le
15500.0,300,51.67,15,20,quan ngu hanh son
1800.0,999,1.8,999,999,quan lien chieu
1900.0,95,20.0,999,999,quan ngu hanh son
2600.0,87,29.89,5,17,quan ngu hanh son
2850.0,100,28.5,5,20,quan lien chieu
759.0,120,6.33,6,20,quan cam le
401.0,145,2.77,5,29,huyen hoa vang
3500.0,100,35.0,5,20,quan cam le
3300.0,131,25.19,5,20,quan cam le
2700.0,107,25.23,5,20,quan cam le
530.0,120,4.42,5.2,25,huyen hoa vang
2850.0,75,38.0,4.25,25,quan lien chieu
23000.0,185,124.32,7.5,25,quan ngu hanh son
5700.0,180,31.67,6.47,25,quan lien chieu
4900.0,122.5,40.16,5,24.5,quan son tra
1530.0,83,18.43,4.12,24.5,quan lien chieu
1200.0,300,4.0,11,28,huyen hoa vang
1600.0,200,8.0,10,20,quan cam le
12000.0,125,96.0,6,20,quan lien chieu
1740.0,109,15.96,5,22,huyen hoa vang
3820.0,108,35.37,6,18,quan ngu hanh son
3800.0,150,25.33,6,18,quan cam le
1450.0,80,18.13,6,18,quan cam le
4000.0,95,42.11,5,19,quan ngu hanh son
1900.0,100,19.0,5,20,quan lien chieu
1550.0,70,22.14,4.5,,quan lien chieu
1845.0,98,18.83,6,17,quan lien chieu
2500.0,4000,0.000625,6,17,huyen hoa vang
1190.0,91.2,13.08,6.2,14.7,quan ngu hanh son
392.0,100,3.92,5,20,huyen hoa vang
3150.0,105,30.0,5,20.5,quan ngu hanh son
1750.0,107,16.36,5,21,quan cam le
1530.0,100,15.3,5,20,quan lien chieu
3500.0,2800,1.25,5,20,huyen hoa vang
3500.0,81,43.21,5,20,quan thanh khe
2350.0,100,23.5,5,20,huyen hoa vang
3450.0,107,32.24,5,21,quan lien chieu
3400.0,53,64.15,5,21,quan ngu hanh son
3270.0,100,32.7,5,20,quan cam le
1999.999999,105,19.05,5,21,quan lien chieu
3200.0,95,33.68,5,19,quan lien chieu
5800.0,108,53.7,5,21,quan cam le
1900.0,68,27.94,5,21,quan lien chieu
2990.0,65,46.0,5,21,quan son tra
1750.0,68,25.74,5,21,quan lien chieu
1000.0,350,2.86,7,50,huyen hoa vang
3450.0,100,34.5,5,20,quan cam le
7000.0,80,87.5,5,16,quan son tra
2940.0,90,32.67,5,16,quan lien chieu
3.9,110,3.5454e-05,7.5,15,quan ngu hanh son
9000.0,77,116.88,7.5,15,quan hai chau
800.0,200,4.0,7.5,15,huyen hoa vang
2050.0,100,20.5,5,15,quan lien chieu
1.8,100,1.8e-05,5,20,quan ngu hanh son
1700.0,100,17.0,5,20,huyen hoa vang
2860.0,105,27.24,5,21,quan ngu hanh son
770.0,106,7.26,6,21,huyen hoa vang
680.0,130,5.23,5.25,25,huyen hoa vang
550.0,101,5.45,5.5,20,huyen hoa vang
1650.0,70,23.57,4,17,quan cam le
1840.0,100,18.4,5,20,quan ngu hanh son
2600.0,75,34.67,5,20,quan lien chieu
1999.999,145,13.79,8,16,quan ngu hanh son
3500.0,110,31.82,5,22,quan ngu hanh son
1300.0,105,12.38,5,21,quan ngu hanh son
